"Data Source","World Development Indicators",

"Last Updated Date","2026-04-08",

"Country Name","Country Code","Indicator Name","Indicator Code","1960","1961","1962","1963","1964","1965","1966","1967","1968","1969","1970","1971","1972","1973","1974","1975","1976","1977","1978","1979","1980","1981","1982","1983","1984","1985","1986","1987","1988","1989","1990","1991","1992","1993","1994","1995","1996","1997","1998","1999","2000","2001","2002","2003","2004","2005","2006","2007","2008","2009","2010","2011","2012","2013","2014","2015","2016","2017","2018","2019","2020","2021","2022","2023","2024","2025",
"Aruba","ABW","GNI per capita, Atlas method (current US$)","NY.GNP.PCAP.CD","","","","","","","","","","","","","","","","","","","","","","","","","","","","","10670","11870","12120","12940","13840","14380","15460","16340","16410","17050","17390","17750","20060","20340","19220","21020","23610","19720","23920","22600","26780","24340","23050","23100","23970","24830","25260","25430","25560","26460","27970","29320","22790","26550","30160","31600","35570","",
"Africa Eastern and Southern","AFE","GNI per capita, Atlas method (current US$)","NY.GNP.PCAP.CD","","","189.377554734923","202.985652475116","204.809292003043","217.175515211468","227.051046870549","239.843072997597","251.357560535477","266.512221695602","267.239426886058","287.704897749402","305.202510045785","361.998254670335","444.2102121185","501.281513310701","492.613674200084","491.088615618083","527.597094360799","616.031320859647","737.425077204338","798.400156051341","755.271376445106","688.020608251347","652.498787394716","582.283569382","572.238263177224","615.540084871336","691.685629947272","724.239273924144","726.787318301481","758.220745543501","712.027449535802","704.363878088885","688.108024284642","723.599140139674","740.784898290777","744.417573084482","686.66838226848","664.947988700949","656.443571611034","628.999015500033","615.089323792798","666.716164657241","814.807269387596","1019.84230606053","1149.22713985514","1261.68821846399","1349.8899235248","1367.9139332181","1436.12637301398","1558.82262790593","1664.44522327829","1689.98746939179","1667.07312352298","1550.54240260181","1405.93637973121","1370.75226374024","1435.80774230659","1501.99695269359","1393.45928875849","1473.01020723136","1569.17333170156","1602.16523490588","1579.10356988926","",
"Afghanistan","AFG","GNI per capita, Atlas method (current US$)","NY.GNP.PCAP.CD","","","","","","","","","","","","","","","","","","","","","","","","","","","","","","","","","","","","","","","","","","","180","190","210","250","270","330","370","460","530","550","640","670","640","590","560","530","520","520","490","380","370","370","","",
"Africa Western and Central","AFW","GNI per capita, Atlas method (current US$)","NY.GNP.PCAP.CD","","","","","","","","","","","","","","","","","","","","","","","","","","","","","","","","","","","","","","","","","","","","","","","","","1419.9906986754","1485.9655140589","1545.86814591477","1581.70516863209","1753.24573806658","1910.24952829272","2075.42290803029","1989.4881982761","1765.92936131952","1584.34185588123","1614.09894956392","1784.13716922547","1869.72271335145","2086.46853063233","2153.64913579255","2011.44559515124","1624.31638442004","",
"Angola","AGO","GNI per capita, Atlas method (current US$)","NY.GNP.PCAP.CD","","","","","","","","","","","","","","","","","","","","","","","","","","600","690","680","660","870","790","920","340","290","190","370","370","450","420","340","360","400","620","780","1190","1590","2090","2800","3450","3680","3780","3960","4750","5330","5430","4450","2910","2400","2270","2440","2020","1990","2340","2700","2840","",
"Albania","ALB","GNI per capita, Atlas method (current US$)","NY.GNP.PCAP.CD","","","","","","","","","","","","","","","","","","","","","","","","","630","640","700","730","730","760","650","410","280","320","380","670","940","860","870","960","1130","1320","1420","1700","2170","2690","3130","3580","4160","4390","4430","4460","4430","4690","4750","4660","4670","4700","5400","5900","5970","6940","7720","8730","9910","",
"Andorra","AND","GNI per capita, Atlas method (current US$)","NY.GNP.PCAP.CD","","","","","","","","","","","","","","","","","","","","","","","","","","","","","","","","","","","","","","","","","","","","","","","","","","","","","","","","","","","","46450","42450","44720","47600","47920","47570","",
"Arab World","ARB","GNI per capita, Atlas method (current US$)","NY.GNP.PCAP.CD","","","","","","","","","297.017873087341","325.327053061996","357.691111369255","388.737557214832","471.945916194835","562.857811416087","823.721541690152","1131.68904607003","1536.3018965853","1651.04874084302","1828.16827591338","2283.26493474148","2782.35279318328","3019.80032976951","2837.55679072232","2509.79317045978","2401.7574075053","2325.00092376606","2295.49233642067","2346.46291759611","2376.06642323147","2352.97119647097","2627.4266108613","2084.7841697424","2137.64191455894","2073.34583778813","2066.3244374643","2099.29626204306","2174.04012896466","2271.73293548537","2250.46520682241","2245.0245130901","2431.98943022265","2526.3319349355","2475.52224748745","2616.39443260237","3044.99358741993","3487.16587242198","4027.23306894824","4613.92143758331","5392.98061367872","5459.92145061624","5774.98123912106","6088.03455998523","6953.25432671482","7360.49020143498","7407.96185989713","6936.64478950725","6479.26731169955","6048.46130686394","6328.94973978727","6590.57416900269","6062.32931818815","6472.7415672444","7279.3204310714","7649.38346837063","7650.33371826764","",
"United Arab Emirates","ARE","GNI per capita, Atlas method (current US$)","NY.GNP.PCAP.CD","","","","","","","","","","","","","5160","6600","11910","20330","30320","33860","32030","39670","46940","47820","41910","35220","33790","30820","23880","24940","24020","25390","29240","27120","27190","26150","26670","28240","28320","28830","26620","24390","28170","28360","27200","29030","33220","36880","41670","43420","44890","41310","42380","45610","51180","53780","53360","49990","46180","42230","44570","46690","41310","43230","46990","51100","51550","",
"Argentina","ARG","GNI per capita, Atlas method (current US$)","NY.GNP.PCAP.CD","","","900","880","1020","1230","1350","1240","1210","1300","1320","1470","1470","1820","2470","2720","2360","2210","2480","2950","3260","2800","2660","2860","3200","3070","3380","3490","3860","2910","3180","3850","6040","7080","7570","7310","7680","8080","7960","7510","7400","6930","4010","3620","3340","4230","5440","6460","7600","7720","9160","10590","11770","12760","12240","12500","12130","13070","12390","11210","9040","10070","11890","12920","13530","",
"Armenia","ARM","GNI per capita, Atlas method (current US$)","NY.GNP.PCAP.CD","","","","","","","","","","","","","","","","","","","","","","","","","","","","","","","","","300","350","390","460","500","540","570","600","630","680","760","910","1120","1460","1910","2600","3390","3140","3280","3360","3700","3940","4000","3910","3690","3900","4220","4650","4230","4580","5690","6850","7810","",
"American Samoa","ASM","GNI per capita, Atlas method (current US$)","NY.GNP.PCAP.CD","","","","","","","","","","","","","","","","","","","","","","","","","","","","","","","","","","","","","","","","","","","","","","","","","","","","","","","","","","","","","","","","","","",
"Antigua and Barbuda","ATG","GNI per capita, Atlas method (current US$)","NY.GNP.PCAP.CD","","","","","","","","","","","","","","","","","","","","1680","2100","2340","2380","2600","3070","3520","3910","4840","6050","6550","7040","7550","7850","8410","9000","8730","9380","9850","10130","10590","11200","10610","10710","11680","12850","14050","15740","17310","17750","15750","14390","14100","14530","14500","14830","14550","15080","15860","17460","18250","15460","16660","18820","19970","21150","",
"Australia","AUS","GNI per capita, Atlas method (current US$)","NY.GNP.PCAP.CD","","","1880","1970","2110","2280","2350","2540","2730","2980","3280","3480","3890","4660","5960","7230","7880","8090","8480","9610","10850","11890","12090","11590","12020","12010","12320","12580","14160","15620","17370","18260","18600","18980","18950","19400","20620","22090","21960","21650","21340","20370","20240","21420","25890","30790","34670","37470","42510","44230","46900","50570","60500","66360","65500","60780","54330","51700","53280","55090","53770","57220","60790","63320","62680","",
"Austria","AUT","GNI per capita, Atlas method (current US$)","NY.GNP.PCAP.CD","","","1080","1160","1260","1360","1490","1590","1710","1880","2080","2320","2750","3560","4630","5520","5950","6630","7510","9580","11420","11130","10340","9560","9240","9330","10770","13760","18000","19220","20550","21720","24430","24770","26040","28080","29930","29410","27810","26980","26660","25190","24860","27950","33610","38510","41170","44230","48890","48900","49460","50380","49760","50260","49960","47190","45980","44800","48710","50900","49000","53440","56310","55890","54760","",
"Azerbaijan","AZE","GNI per capita, Atlas method (current US$)","NY.GNP.PCAP.CD","","","","","","","","","","","","","","","","","","","","","","","","","","","","","","","","","160","110","80","180","240","410","510","600","630","680","740","840","960","1290","1920","2740","3900","4820","5400","5490","6440","7450","7740","6610","4790","4110","4080","4510","4480","4910","5670","6680","7330","",
"Burundi","BDI","GNI per capita, Atlas method (current US$)","NY.GNP.PCAP.CD","","","70","80","80","70","60","50","50","50","70","70","70","80","90","110","120","140","140","170","200","240","220","210","200","220","230","250","240","220","210","210","200","180","170","150","140","150","150","140","130","130","130","120","120","130","150","160","180","190","200","220","230","240","240","240","240","240","250","250","250","260","290","280","260","",
"Belgium","BEL","GNI per capita, Atlas method (current US$)","NY.GNP.PCAP.CD","","","1480","1560","1700","1840","1980","2130","2310","2560","2830","3100","3640","4690","6000","6910","7580","8220","9560","11730","13980","13190","11180","9430","8860","8820","10170","13090","17010","18030","19310","20580","23170","23410","25090","27070","28550","28450","26530","25980","25890","24460","24060","27100","32910","37780","39940","42740","46570","47120","47110","46720","47170","47950","48050","45520","43240","42310","45980","48070","46330","51140","54330","55520","55290","",
"Benin","BEN","GNI per capita, Atlas method (current US$)","NY.GNP.PCAP.CD","","","90","90","100","110","110","110","110","110","110","110","120","150","180","190","200","220","240","290","370","390","340","270","250","250","260","290","340","320","350","360","350","360","310","340","330","360","350","390","450","510","510","570","690","780","810","870","970","1020","1020","1030","1050","1140","1180","1100","1040","1020","1120","1170","1190","1280","1360","1390","1430","",
"Burkina Faso","BFA","GNI per capita, Atlas method (current US$)","NY.GNP.PCAP.CD","","","80","80","80","80","80","90","90","90","90","90","90","110","140","160","170","170","200","250","290","290","280","230","200","200","230","260","310","320","320","340","360","350","270","250","240","250","240","260","260","270","260","310","370","440","470","490","550","590","630","660","710","750","730","680","650","650","730","760","770","820","840","840","850","",
"Bangladesh","BGD","GNI per capita, Atlas method (current US$)","NY.GNP.PCAP.CD","","","","","","","","","","","","","","110","140","190","180","160","150","170","210","240","230","210","200","200","220","250","270","280","290","300","300","300","300","320","350","370","390","400","410","420","420","440","490","530","550","580","640","700","780","870","950","1010","1080","1200","1400","1640","2020","2220","2320","2600","2850","2880","2820","",
"Bulgaria","BGR","GNI per capita, Atlas method (current US$)","NY.GNP.PCAP.CD","","","","","","","","","","","","","","","","","","","","","","","2360","2090","2010","1950","2190","2720","3110","2830","2250","1340","1140","1030","1170","1520","1590","1460","1440","1480","1660","1770","1970","2370","3060","3800","4300","4820","6070","6680","7010","7260","7490","7700","7850","7620","7630","7900","8860","9920","10090","11720","13100","14240","15370","",
"Bahrain","BHR","GNI per capita, Atlas method (current US$)","NY.GNP.PCAP.CD","","","","","","","","","","","","","","","","","","","","","7600","8530","8500","9060","9130","7700","7020","7470","7560","7410","8740","9930","10010","10150","9780","10470","10880","10410","10210","10120","12500","12730","12480","13180","14680","16550","17850","19600","21070","18940","19510","20040","24670","25970","25480","23640","22720","22360","24200","25800","23870","25240","28300","28460","28090","",
"Bahamas, The","BHS","GNI per capita, Atlas method (current US$)","NY.GNP.PCAP.CD","","","1460","1560","1660","1800","1940","2120","2340","2600","2710","2860","2890","3380","3460","4180","2800","3030","3350","4690","5480","5270","5820","6110","7120","7890","8720","10030","10880","11540","11020","10530","10750","10530","10790","13250","14770","13460","16180","22250","23880","24520","25220","25900","27470","28880","29230","29690","29660","27920","27320","26990","27910","26870","27220","27620","27820","29570","30650","31630","25180","29910","33790","35180","37020","",
"Bosnia and Herzegovina","BIH","GNI per capita, Atlas method (current US$)","NY.GNP.PCAP.CD","","","","","","","","","","","","","","","","","","","","","","","","","","","","","","","","","1140","980","580","510","640","900","1230","1270","1340","1430","1590","1860","2360","2810","3160","3680","4500","4790","4820","4900","4900","5170","5180","5140","5070","5070","5720","6180","6160","6970","7710","8280","8790","",
"Belarus","BLR","GNI per capita, Atlas method (current US$)","NY.GNP.PCAP.CD","","","","","","","","","","","","","","","","","","","","","","","","","","","","","","","","","1680","1610","1460","1370","1450","1530","1550","1410","1380","1300","1380","1630","2170","2820","3510","4310","5470","5660","6150","6350","6630","7030","7620","6740","5640","5320","5730","6370","6410","7040","7210","7850","8260","",
"Belize","BLZ","GNI per capita, Atlas method (current US$)","NY.GNP.PCAP.CD","","","330","340","350","370","400","430","430","420","430","460","530","610","750","860","810","860","930","1120","1530","1690","1720","1560","1600","1660","1860","2200","2550","2830","3080","3320","3690","3830","3800","3890","3910","3950","3860","4060","4470","4470","4550","4820","5000","5050","5160","5210","5170","5280","5060","5160","5330","5580","5670","5790","5640","5490","5610","5850","5170","6120","6710","6850","7150","",
"Bermuda","BMU","GNI per capita, Atlas method (current US$)","NY.GNP.PCAP.CD","","","","","","","","","","","","","","","","","","","","","","","","","","","","","","","","","","","","","","","","","","","","","","","","","","","105750","102930","101910","104040","102450","103940","105430","113460","117160","116920","110960","120410","132200","134500","145150","",
"Bolivia","BOL","GNI per capita, Atlas method (current US$)","NY.GNP.PCAP.CD","","","","","","","","","","","","","","","","","530","570","630","730","800","880","830","810","820","800","710","690","690","690","690","710","740","760","790","820","870","930","960","950","960","930","900","890","940","1000","1090","1210","1460","1600","1760","1970","2220","2550","2800","2920","3000","3250","3730","4170","3620","3990","4190","4230","4160","",
"Brazil","BRA","GNI per capita, Atlas method (current US$)","NY.GNP.PCAP.CD","","","260","260","270","270","270","310","370","420","450","510","590","730","960","1180","1400","1510","1700","1990","2170","2110","2060","1770","1680","1540","1750","2030","2300","2630","2480","2530","2340","2310","2620","3440","4420","5110","4980","4230","3950","3370","3120","3010","3370","4030","4890","6240","7680","8400","9750","11210","12460","12950","12280","10330","9050","8830","9320","9410","8080","8060","8440","9310","9930","",
"Barbados","BRB","GNI per capita, Atlas method (current US$)","NY.GNP.PCAP.CD","","","520","510","540","620","620","680","720","770","860","960","1070","1300","1570","1760","2070","2340","2670","3270","3460","4110","4410","4480","4960","5320","5920","6710","7460","7920","7670","7640","7540","7770","8110","8470","8850","9250","9670","10110","11170","11030","11030","11660","12660","13610","14630","15950","16600","16150","17180","17890","19740","19560","19730","19150","19200","19370","19910","20520","18740","19880","24300","24960","25140","",
"Brunei Darussalam","BRN","GNI per capita, Atlas method (current US$)","NY.GNP.PCAP.CD","","","","","","","","","","","","","","","","","","","","","","","","","","","","","","20550","21430","23400","23920","23250","23220","24460","25200","26590","21000","19960","19390","19270","18960","19840","22190","25670","30720","33470","36700","35470","35370","36520","41690","44580","42370","38180","32570","29230","28790","31550","30810","29890","30970","34390","36020","",
"Bhutan","BTN","GNI per capita, Atlas method (current US$)","NY.GNP.PCAP.CD","","","","","","","","","","","","","170","190","220","220","210","210","210","220","250","270","250","230","260","260","300","430","480","500","500","430","420","400","430","450","500","550","520","550","710","780","860","960","1090","1260","1390","1700","1850","1980","2180","2430","2620","2630","2670","2740","2880","2960","3150","3370","3040","3300","3600","3730","","",
"Botswana","BWA","GNI per capita, Atlas method (current US$)","NY.GNP.PCAP.CD","","","70","80","80","90","100","100","120","150","170","220","280","370","460","540","550","590","670","850","1060","1290","1230","1110","1030","1020","1100","1290","1930","2270","2680","3030","3230","3280","2900","3200","3120","3260","3150","3090","3110","3190","2860","3300","3830","4830","5400","5620","5470","4890","5370","6500","6910","6950","6990","6140","6060","6210","6680","7520","6600","7530","8250","8360","7750","",
"Central African Republic","CAF","GNI per capita, Atlas method (current US$)","NY.GNP.PCAP.CD","","","70","70","70","80","80","90","90","100","100","100","100","120","140","160","180","210","240","280","320","320","320","260","260","280","340","410","480","480","470","460","460","430","360","340","290","290","270","260","240","240","240","250","290","320","330","360","390","460","500","510","540","360","380","390","400","420","470","500","490","510","520","530","510","",
"Canada","CAN","GNI per capita, Atlas method (current US$)","NY.GNP.PCAP.CD","","","2380","2410","2520","2720","2980","3150","3430","3740","4010","4360","5010","6040","7190","8020","8780","9130","9750","10600","11600","12370","11900","12180","13150","13940","14560","16320","18620","19860","20650","20990","21420","21270","20890","20850","20820","21330","20900","21450","22740","23120","23590","25480","29530","34310","37900","41540","44930","43230","44490","47190","51080","52800","52200","47580","43900","42900","45060","46580","43900","49080","53850","54660","53400","",
"Central Europe and the Baltics","CEB","GNI per capita, Atlas method (current US$)","NY.GNP.PCAP.CD","","","","","","","","","","","","","","","","","","","","","","","","","","","","","","","","","2175.10818626278","2391.6919380404","2681.68158180784","3184.53062169659","3622.68605131835","3820.33645520695","3866.69201822585","3923.01886839382","4099.02271480629","4174.6918525486","4425.15669989293","5184.96638233906","6384.43910134308","7729.69839668395","8849.14770599671","10311.5519095473","12373.796125998","12736.7146143583","12812.1648373172","13022.8233874042","13192.3690677153","13442.0740863109","13623.6683251403","13304.6178776668","12898.907846881","13154.4962670623","14821.253202042","16115.8061400979","16121.721072374","18068.998840935","19542.0440967762","20538.138163194","21833.0583893736","",
"Switzerland","CHE","GNI per capita, Atlas method (current US$)","NY.GNP.PCAP.CD","","","2160","2320","2520","2650","2840","3020","3270","3550","4220","4700","5510","7230","9290","10530","11210","12370","14400","17980","22320","21930","19650","18230","18470","18580","20930","26360","34580","36220","37950","38580","42050","41950","43050","46700","49670","49290","46130","44190","44580","42010","40640","46660","55000","62770","65290","64120","64870","71800","79040","81330","86720","90590","88250","86810","83360","80770","82470","83160","81740","89120","95600","95740","95220","",
"Channel Islands","CHI","GNI per capita, Atlas method (current US$)","NY.GNP.PCAP.CD","","","","","","","","","","","","","","","","","","","","","","","","","","","","","","","","","","","","","","","","","","","","","","","","","","","","","","","","","","","","","","","","","","",
"Chile","CHL","GNI per capita, Atlas method (current US$)","NY.GNP.PCAP.CD","","","610","660","680","670","760","780","800","830","890","1060","1160","1370","1660","1170","1030","1080","1390","1820","2340","2820","2050","1660","1470","1430","1480","1670","1940","2200","2340","2600","3120","3450","3740","4430","5070","5580","5470","5100","5030","4780","4520","4570","5200","6200","7350","8700","9950","9880","10720","11860","14170","15080","14690","14080","13310","13200","14460","14690","12960","14790","15440","15950","15750","",
"China","CHN","GNI per capita, Atlas method (current US$)","NY.GNP.PCAP.CD","","","70","80","90","100","110","100","90","110","120","130","130","160","180","200","190","200","200","210","220","220","220","220","250","290","310","320","330","320","330","360","400","420","470","540","660","760","800","860","950","1020","1130","1300","1530","1790","2090","2550","3140","3740","4410","5130","6010","6860","7600","8040","8360","8830","9720","10510","10740","12220","13170","13750","13660","",
"Cote d'Ivoire","CIV","GNI per capita, Atlas method (current US$)","NY.GNP.PCAP.CD","","","160","180","210","200","220","220","250","270","280","290","300","360","450","560","650","750","920","1100","1130","1110","940","710","650","630","720","800","900","810","760","740","760","720","660","670","510","630","710","680","610","550","530","580","710","850","850","880","1000","1080","1120","1020","1140","1240","1860","1880","1880","1870","2010","2120","2120","2300","2440","2510","2530","",
"Cameroon","CMR","GNI per capita, Atlas method (current US$)","NY.GNP.PCAP.CD","","","","","","","","120","140","160","160","170","190","220","290","360","340","350","530","650","650","800","790","720","740","800","980","1150","1230","1120","1000","930","960","990","890","870","770","790","770","760","730","700","700","820","1030","1140","1200","1250","1360","1460","1450","1470","1470","1530","1570","1530","1470","1410","1520","1560","1540","1610","1660","1680","1700","",
"Congo, Dem. Rep.","COD","GNI per capita, Atlas method (current US$)","NY.GNP.PCAP.CD","","","230","270","230","230","220","220","220","230","240","270","280","350","430","460","430","460","510","600","640","560","480","410","340","260","250","240","250","240","230","190","200","200","150","140","120","110","110","100","130","130","180","160","180","190","220","260","300","300","320","330","380","410","440","460","460","440","460","460","480","530","610","680","670","",
"Congo, Rep.","COG","GNI per capita, Atlas method (current US$)","NY.GNP.PCAP.CD","","","140","140","150","160","170","180","190","200","210","220","260","320","400","470","460","430","470","590","800","1070","1210","1070","1060","990","980","1050","920","940","920","950","1050","900","750","470","460","590","580","490","560","620","670","690","760","1100","1560","1650","2090","2410","2640","2580","3330","3560","3800","3080","2260","1740","2070","2180","2230","2040","2170","2310","2280","",
"Colombia","COL","GNI per capita, Atlas method (current US$)","NY.GNP.PCAP.CD","","","290","290","320","320","330","300","310","330","340","370","410","470","560","610","640","710","880","1090","1290","1390","1370","1320","1310","1240","1240","1270","1330","1280","1350","1400","1600","1770","2080","2390","2580","2700","2600","2370","2370","2360","2410","2410","2650","3030","3540","4170","4770","5200","5690","6370","7340","8010","8280","7420","6560","6030","6350","6630","5850","6310","6560","6720","7040","",
"Comoros","COM","GNI per capita, Atlas method (current US$)","NY.GNP.PCAP.CD","","","","","","","","","","","","","","","","","","","","","","","660","560","530","510","560","680","830","830","880","840","960","970","810","810","770","780","720","700","670","680","700","810","980","1140","1140","1190","1340","1440","1450","1490","1510","1590","1590","1480","1410","1380","1490","1530","1520","1570","1590","1580","1590","",
"Cabo Verde","CPV","GNI per capita, Atlas method (current US$)","NY.GNP.PCAP.CD","","","","","","","","","","","","","","","","","","","","","","","450","420","400","400","460","580","750","810","810","820","940","1080","1190","1300","1250","1260","1240","1290","1330","1270","1230","1440","1810","2070","2200","2770","3360","3650","3600","3760","3730","3840","3750","3620","3580","3620","4040","4420","3510","3870","4550","4740","4950","",
"Costa Rica","CRI","GNI per capita, Atlas method (current US$)","NY.GNP.PCAP.CD","","","360","350","350","370","390","410","440","470","520","570","630","760","880","970","1050","1250","1480","1740","1940","1420","1020","940","1110","1240","1430","1590","1650","1660","1740","1950","2350","2740","2990","3190","3250","3360","3420","3480","3590","3700","3790","4050","4400","4670","5090","5710","6440","6570","7290","8130","9330","9990","10410","10770","11170","11580","12070","12240","11700","12630","13210","14260","15620","",
"Caribbean small states","CSS","GNI per capita, Atlas method (current US$)","NY.GNP.PCAP.CD","","","463.580950472809","494.502281603417","533.274465648613","575.182240378598","575.407723312903","608.076489218267","631.814227334973","663.25095335962","694.056074158812","735.13689483578","809.58413435076","949.391379831616","1134.97634973908","1501.85315427059","1562.24003621641","1714.58598537893","1995.56352115439","2392.38323545145","2939.20272593638","3339.70555332721","3592.23621765583","3406.15116864051","3518.62323137553","3616.82107581587","3532.63911373429","3495.87689988393","3642.04472118447","3572.44359778948","3515.90420810546","3542.09704883646","3803.86600126574","3736.94674506949","3777.69786424838","4105.28707213469","4441.05694839784","4506.22720795726","4833.14643755155","5471.62033288884","5923.7010631798","6145.04049001425","6478.50809835443","7125.41761729186","8028.76800004545","8983.02295844581","10023.841314228","11073.2590314591","12416.5052281507","11996.3685301798","12215.7914329292","11908.5470701292","13231.3275738161","13930.4574142322","14200.7906096039","14134.7073429995","13101.3041883902","12922.9714442136","13154.8751833425","13547.5001635225","11995.7818736733","12957.4839445149","14596.4032916497","17064.5435515365","17761.8612856618","",
"Cuba","CUB","GNI per capita, Atlas method (current US$)","NY.GNP.PCAP.CD","","","","","","","","","","","","","840","1030","1230","1500","1550","1600","1790","2000","2150","2440","2350","2180","2300","2300","2370","2470","2770","2740","2640","2330","2120","1870","2130","2540","2700","2500","2240","2400","2620","2760","2830","3100","3490","3960","4410","4740","5030","5080","5170","5590","6090","6640","6850","7270","7530","8010","8710","9010","","","","","","",
"Curacao","CUW","GNI per capita, Atlas method (current US$)","NY.GNP.PCAP.CD","","","","","","","","","","","","","","","","","","","","","","","","","","","","","","","","","","","","","","","","","","","","","","17910","17930","18390","19020","19100","19540","19420","19330","19020","18980","18780","18260","18230","18820","19140","16190","17950","20480","21450","22590","",
"Cayman Islands","CYM","GNI per capita, Atlas method (current US$)","NY.GNP.PCAP.CD","","","","","","","","","","","","","","","","","","","","","","","","","","","","","","","","","","","","","","","","","","","","","","","","","","","73550","73950","51150","44990","43420","44430","47830","51890","57880","64520","62420","76260","74060","75720","","",
"Cyprus","CYP","GNI per capita, Atlas method (current US$)","NY.GNP.PCAP.CD","","","","","","","","","","","","","","","","","","1520","1800","2400","3390","4050","4490","4220","4360","4480","5020","6300","7910","8570","9300","9460","11020","10970","11680","12810","13880","14280","15490","14340","14180","14170","14510","16710","20260","23990","25600","27340","31970","32820","32170","32680","29760","27820","26350","25650","24400","24600","27120","28380","26780","29570","31810","32340","32870","",
"Czechia","CZE","GNI per capita, Atlas method (current US$)","NY.GNP.PCAP.CD","","","","","","","","","","","","","","","","","","","","","","","","","","","","","","","","","3380","3530","4200","5170","6010","6200","6140","6150","6380","6380","6680","8130","10280","12480","13990","15830","18480","18790","19420","19600","19650","19600","19080","18340","17660","18350","20700","22440","22190","25500","27210","28540","29560","",
"Germany","DEU","GNI per capita, Atlas method (current US$)","NY.GNP.PCAP.CD","","","1370","1480","1620","1760","1870","1910","2080","2300","2600","2980","3610","4690","5810","6740","7150","7690","8890","11090","13050","12580","11150","10050","9900","9860","11270","14280","18670","19810","21360","22950","25890","26080","27630","29650","31020","30270","28070","27020","26380","24990","23920","26470","32080","36310","38890","41130","44360","44470","45530","48200","47480","48160","48610","46590","45340","44730","48770","50350","48540","52850","55200","55420","55090","",
"Djibouti","DJI","GNI per capita, Atlas method (current US$)","NY.GNP.PCAP.CD","","","","","","","","","","","","","","","","","","","","","","","","","","","","","","","","","","","","","","","","","","","","","","","","","","","","","","","","2280","2370","2450","2600","2780","2780","2990","3310","3500","3640","",
"Dominica","DMA","GNI per capita, Atlas method (current US$)","NY.GNP.PCAP.CD","","","","","","","","","","","","","","","","","","","","730","990","1200","1250","1260","1370","1510","1820","2190","2580","2620","2840","3010","3260","3480","3570","3800","3970","4090","4260","4260","4290","4750","4720","5310","5640","5670","6070","6280","6880","7080","7250","7510","7530","7440","7670","7510","8000","8070","8880","9350","8230","8660","9740","9990","10230","",
"Denmark","DNK","GNI per capita, Atlas method (current US$)","NY.GNP.PCAP.CD","","","1630","1720","1970","2180","2370","2640","2870","3140","3310","3670","4310","5600","6820","8090","8960","9780","11170","13560","15110","14190","12860","11700","11520","11840","14050","17740","22120","23060","24380","25540","28690","28550","30330","32530","34740","35090","33440","33050","32560","31430","30870","34800","42740","49750","53630","55870","60620","60300","61290","62050","61570","63400","63650","60350","57830","56600","61090","63020","62710","69810","72040","72080","72540","",
"Dominican Republic","DOM","GNI per capita, Atlas method (current US$)","NY.GNP.PCAP.CD","","","220","240","270","240","260","260","260","290","340","380","440","530","620","730","790","840","910","1040","1180","1270","1300","1340","1480","1100","1030","940","920","910","870","1040","1350","1610","1740","1940","2150","2340","2420","2510","2650","2700","2850","2600","2520","3000","3590","4380","4700","4860","5260","5460","5700","5940","6230","6470","6750","6920","7600","7940","7080","8160","9150","9700","10280","",
"Algeria","DZA","GNI per capita, Atlas method (current US$)","NY.GNP.PCAP.CD","","","180","230","240","250","230","260","290","320","350","330","460","570","760","970","1100","1140","1370","1700","2050","2270","2330","2250","2320","2450","2630","2850","2780","2590","2400","2010","1930","1750","1640","1570","1530","1510","1550","1540","1600","1720","1840","2090","2440","2910","3310","3780","4430","4570","4870","5050","5630","5970","6030","5390","4920","4440","4450","4480","4020","4120","4430","4950","5370","",
"East Asia & Pacific (excluding high income)","EAP","GNI per capita, Atlas method (current US$)","NY.GNP.PCAP.CD","","","72.607782043423","78.7856134717555","87.1090527680603","98.5131356427108","106.444356087082","100.533297033172","97.6069404412265","109.437398019252","122.377649443715","125.776216682307","132.78221691318","160.319904764279","187.898443356605","218.764140938741","214.393077881856","227.785875589296","241.719644627936","266.92215887338","295.170426408585","312.405666129531","312.092166073918","307.737711158153","325.524139577629","347.757525355153","369.284318356909","385.968032225335","405.900877802221","407.994669144206","423.534654129325","453.915743449855","504.279633533633","547.769811247921","614.44566255377","707.144753902778","822.909993399231","891.135023540453","835.903201444512","859.323603135323","916.519527243429","988.00344054769","1070.3659865168","1217.89792475484","1432.95694879528","1650.99542292932","1909.56063452788","2289.86647973795","2791.60198239869","3246.78224167008","3796.82755052529","4387.27050070781","5126.87230399798","5762.39008119949","6271.23757847242","6528.66830040704","6739.83385945521","7083.01194056273","7773.36217844528","8375.14344999575","8460.4731989943","9496.8155410502","10236.2417528447","10664.2476343106","10629.7080602908","",
"Early-demographic dividend","EAR","GNI per capita, Atlas method (current US$)","NY.GNP.PCAP.CD","","","157.194267539993","164.233343616928","177.727334392431","192.270256059877","197.265346750461","201.488607086918","209.025030355496","224.148622739077","237.938832396476","252.161036428187","271.785644273151","323.101508476156","414.856054252863","499.325359899598","544.983271103012","557.895483515239","604.255119969203","702.974486845192","829.618752769576","924.343235682878","903.422434243472","840.859420065938","815.01338050095","809.838901644123","823.645611660144","859.580654024063","891.461499019171","859.900912154968","897.174224468353","937.580298260572","1023.56228383864","1060.4678367545","1106.93149586695","1139.03971060634","1196.20999186312","1245.43152578235","1202.3478105505","1203.87353000561","1255.06918729255","1273.42855802299","1244.49843903996","1319.14864643883","1494.98502345642","1708.77451011777","1913.65918829818","2159.08761560921","2413.35597623729","2493.68672531555","2719.34598681614","2967.71435784933","3271.8469251596","3385.03512341507","3388.55137906367","3277.71241191037","3226.88171137373","3281.51358920397","3457.86941928828","3526.59410238723","3253.27590097422","3580.83830618234","3940.96218488892","4188.39000230248","4303.46958452427","",
"East Asia & Pacific","EAS","GNI per capita, Atlas method (current US$)","NY.GNP.PCAP.CD","","","151.281875958955","165.160170619314","184.214376307075","202.825751103035","222.144972195479","233.092949037186","252.943547666185","287.846875106694","313.231001963834","340.754930195718","398.400424213052","506.696600128241","614.992955440265","716.43073415123","741.978917724767","801.598244516105","946.380121274599","1148.99511322855","1304.58570419432","1358.18742095928","1308.32667326544","1270.01657696513","1311.67227999241","1404.8093006252","1611.36504502867","1961.87251806447","2507.01596558784","2699.81567287833","2809.78114941108","2914.46150428465","3116.97088389688","3382.45751300466","3703.38067071714","4169.37549514598","4381.68833470261","4247.23517306579","3714.18263588164","3674.05508067766","3884.43570159494","3971.32956882208","3925.97006045648","4111.7413930498","4626.27243685477","5069.00621024566","5357.31332154164","5726.45514119027","6238.69046510289","6590.42560337773","7412.52576012284","8223.32900975864","9192.84108414208","9794.36584341829","10027.8647055013","9917.49894720508","9999.93394604697","10343.0093737243","11222.8950475087","11831.876376215","11799.1658797303","13027.5521317931","13729.5796461197","13982.4826100606","13764.4155339858","",
"Europe & Central Asia (excluding high income)","ECA","GNI per capita, Atlas method (current US$)","NY.GNP.PCAP.CD","","","","","","","","","","","","","","","","","","","","","","","","","","","","","","","1472.71274500022","1528.97624053269","1592.77356088368","1589.84646070997","1363.13535823944","1491.29390065638","1624.59303973584","1923.16904288753","1906.43801644519","1807.36189235116","1833.30534045948","1633.31236922751","1675.69788641704","1919.65904937037","2527.13453033299","3227.98101012656","3833.63184604408","4562.41099239621","5302.82049015072","5325.79313973783","5789.67270642436","6226.15473639103","6820.3528461379","7406.84626434333","7411.97463982434","6953.22967780931","6316.0461490634","6123.63795763095","6134.91023279119","6112.38166718514","5906.65951108059","6472.2697759003","6931.46038491078","7793.26047952472","8622.87649107289","",
"Europe & Central Asia","ECS","GNI per capita, Atlas method (current US$)","NY.GNP.PCAP.CD","","","732.64139772356","790.689279525964","863.414076604701","936.993928689013","1009.64358692792","1073.62381466017","1154.74912998976","1247.93121480113","1351.74581099383","1487.1786872545","1730.31268759316","2196.28312484205","2681.69150481431","3087.89803677017","3259.86536744214","3478.15181861042","3930.08955127129","4856.56434722635","5822.63686137469","5850.59863057301","5359.29247545582","4794.57788209348","4627.08455167288","4607.68079534449","5270.39453164024","6649.25725583336","8514.82264431697","9093.13889535363","9762.88429933533","10360.4292992146","11427.1663622314","11274.2770845344","11469.0211468452","11981.7398518361","12718.927946998","13020.5636477162","12605.4878494298","12452.8187872765","12521.140413972","12115.9472729784","12037.9836893803","13622.6814338981","16577.1935224758","19223.9197102722","20813.7498916921","22568.78150528","24587.0572117925","24371.360508668","24616.3777597413","25097.701033168","25396.582016958","26117.3092259068","26183.8187467088","24781.8532519725","23486.3621395851","22999.7063570214","24586.4515084109","25510.8597923163","24201.0002287553","26945.8353959856","28745.4204171862","29454.5383357334","29916.8240608434","",
"Ecuador","ECU","GNI per capita, Atlas method (current US$)","NY.GNP.PCAP.CD","","","380","350","380","430","440","460","460","490","510","500","500","590","810","1070","1260","1330","1520","1780","2060","2400","2340","2060","1850","1770","1720","1590","1470","1330","1340","1450","1570","1640","1790","1950","2060","2170","2150","1780","1500","1490","1650","2010","2410","2750","3000","3210","3770","3970","4290","4770","5320","5880","6190","5970","5750","5930","6120","6100","5410","6100","6550","6590","6430","",
"Egypt, Arab Rep.","EGY","GNI per capita, Atlas method (current US$)","NY.GNP.PCAP.CD","","","","","","160","170","170","170","190","220","240","260","290","300","330","340","370","380","410","480","510","540","550","620","660","720","840","810","760","730","710","720","720","780","880","970","1070","1140","1240","1330","1350","1250","1160","1120","1130","1230","1420","1710","1970","2200","2380","2630","2810","3000","3100","3200","2880","2710","2640","2960","3470","4040","3840","3510","",
"Euro area","EMU","GNI per capita, Atlas method (current US$)","NY.GNP.PCAP.CD","","","1095.47556730009","1193.20427360804","1311.53991585847","1439.94697991767","1562.53890295967","1663.39053648229","1811.60560112262","1994.98306095601","2192.11828351831","2426.67811078798","2842.77511651339","3647.3193365","4521.85111751685","5220.7069657928","5538.48074649556","5947.7238727365","6756.18999713872","8382.23585435785","10057.6102185579","9956.16450310122","9017.90125313156","8038.62742133022","7816.49020509443","7824.9859110922","9031.76979469802","11541.0682134944","15003.9722560368","16089.2131901097","17342.6819582575","18578.6454170281","20858.3349414753","20565.9901110424","21109.7865417019","22255.1938236174","23520.9509983726","23509.2058601143","22480.3372136434","22092.8064633716","21907.8161501694","21033.4832361056","20538.5885878768","23156.79271328","28152.5496576771","32274.0720761398","34398.0045978633","36557.2475743676","39378.0677946157","39539.3978110219","39716.4429212798","40240.4700088587","39129.8560074766","39433.2208438803","39441.6049622989","37752.0835569979","36418.0705209547","35888.8929726973","38911.9870716977","40351.7712342557","38242.7568424279","42462.2156348894","44622.0036307734","44789.8033893601","44691.4787889803","",
"Eritrea","ERI","GNI per capita, Atlas method (current US$)","NY.GNP.PCAP.CD","","","","","","","","","","","","","","","","","","","","","","","","","","","","","","","","","","","310","300","310","330","330","320","310","320","310","310","350","410","440","450","440","520","550","650","","","","","","","","","","","","","","",
"Spain","ESP","GNI per capita, Atlas method (current US$)","NY.GNP.PCAP.CD","","","520","590","650","750","860","960","1040","1140","1190","1320","1590","2080","2730","3240","3430","3640","4030","5000","6210","6310","5680","4850","4580","4550","5400","7100","9400","10690","12190","13680","15590","15000","14460","14810","15540","15790","15410","15450","15770","15530","15630","18080","22140","25910","27860","29780","32270","32630","32060","31170","29710","29400","29350","28700","27760","27290","29530","30560","27410","30380","32690","32980","33550","",
"Estonia","EST","GNI per capita, Atlas method (current US$)","NY.GNP.PCAP.CD","","","","","","","","","","","","","","","","","","","","","","","","","","","","","","","","","","","","3020","3370","3640","3820","3840","4170","4310","4620","5730","7500","9730","11500","13430","15190","14570","14580","15900","16910","18370","19210","18900","18640","19140","21600","23490","23580","26490","27580","27650","28880","",
"Ethiopia","ETH","GNI per capita, Atlas method (current US$)","NY.GNP.PCAP.CD","","","","80","80","90","90","100","100","100","110","120","120","140","160","170","160","170","180","200","230","230","220","220","210","200","240","290","280","260","260","250","230","220","170","150","150","150","130","130","120","120","120","110","130","160","180","210","270","330","370","380","400","450","530","570","620","670","730","790","820","880","960","1030","1100","",
"European Union","EUU","GNI per capita, Atlas method (current US$)","NY.GNP.PCAP.CD","","","931.241079161595","1012.88891498479","1114.31205506635","1222.9933731179","1327.00543761139","1415.08773963706","1540.45761902584","1694.70181876085","1860.56428342932","2055.66930953072","2403.22242051601","3077.24961952505","3806.65608797171","4398.88800864898","4665.15170110071","5003.93386390712","5674.11309518899","7015.14676331695","8387.57135821009","8301.8754264097","7516.59764229881","6690.01385804018","6498.02502876601","6502.80436842798","7507.93259991472","9577.15090699716","12398.1807606614","13284.5045787043","14301.4969913766","15289.4400983689","17153.08654952","16923.5594938258","17412.4884020612","18420.6095421445","19549.434225362","19614.509687197","18829.8056409759","18558.7185655913","18483.3501458231","17807.5300487665","17494.8076637239","19782.818203175","24085.8934922049","27725.9305780346","29714.3010249928","31780.8742434869","34523.3714318641","34696.1410039189","34932.4406520528","35433.5961883189","34677.1693857169","35049.8302794202","35111.2306083532","33663.6118834911","32465.905859863","32079.9620135413","34873.6718769058","36310.0785598431","34671.9021909921","38569.3121430615","40626.4488719461","40917.5129451799","41062.2558954338","",
"Fragile and conflict affected situations","FCS","GNI per capita, Atlas method (current US$)","NY.GNP.PCAP.CD","","","","","","","","","","","","","","","","","","","","","","","","","","","","","","","","","","","","","","","","","","","706.494159015244","682.216417704361","819.071774126265","963.144620639746","1133.55528893798","1370.63308665447","1648.92262808564","1736.2315186964","1872.94295751123","1877.48633156428","2093.34577092367","2113.80199889688","2058.56697477175","1819.16845097896","1609.4760583317","1483.05707280569","1522.8842915265","1633.25826354584","1562.48574856418","1676.65614330222","1750.12721007501","1751.00955022334","1594.36986381422","",
"Finland","FIN","GNI per capita, Atlas method (current US$)","NY.GNP.PCAP.CD","","","1370","1470","1620","1810","1970","2060","2080","2260","2520","2720","3170","4020","5130","6310","6830","7180","7900","9530","11430","11970","11680","10830","10780","11120","13000","16460","21520","24090","25980","25070","24150","20660","20150","22010","24940","26670","25810","26040","26470","25840","25610","28790","35370","40230","42830","46190","50160","48950","49750","50200","48820","49390","49210","46860","45160","44520","47900","49590","49630","52810","54120","52990","51650","",
"Fiji","FJI","GNI per capita, Atlas method (current US$)","NY.GNP.PCAP.CD","","","280","280","300","290","300","330","340","340","390","430","520","710","930","1120","1230","1300","1360","1640","1850","2020","1790","1570","1650","1560","1740","1700","1710","1690","1690","1690","1890","2000","2150","2390","2600","2520","2230","2280","2150","2050","2050","2270","2820","3320","3350","3510","3730","3620","3450","3570","3910","4460","4740","4820","5010","5120","5690","5570","4560","4380","5250","5670","5820","",
"France","FRA","GNI per capita, Atlas method (current US$)","NY.GNP.PCAP.CD","","","1530","1680","1850","2020","2190","2350","2540","2800","3000","3220","3630","4630","5730","6650","7070","7730","8740","10720","12950","13040","11900","10320","9710","9670","11230","14350","18400","19360","20470","21270","23660","23460","24260","25660","27020","26890","25740","25340","24950","23800","23040","25900","31340","35870","37920","40200","43580","44090","44040","44610","43500","43950","43470","41130","39020","38120","40960","42720","39690","44300","46010","45770","45160","",
"Faroe Islands","FRO","GNI per capita, Atlas method (current US$)","NY.GNP.PCAP.CD","","","","","","","","","","","","","","","","","","","","","","","","","","","","","","","","","","","","","","","","","","","","","","","","","","","49050","53420","56500","59530","60430","57670","57410","57920","62910","66010","64200","70040","72960","73400","73070","",
"Micronesia, Fed. Sts.","FSM","GNI per capita, Atlas method (current US$)","NY.GNP.PCAP.CD","","","","","","","","","","","","","410","610","790","820","790","760","810","880","900","1020","990","990","960","1140","1380","1470","1610","1590","1700","1830","1900","2060","2070","2140","2080","1860","1870","1950","2090","2120","2120","2220","2280","2390","2390","2400","2420","2640","2720","2910","3020","3080","3070","3440","3390","3440","3400","4050","3990","4040","4050","4130","4240","",
"Gabon","GAB","GNI per capita, Atlas method (current US$)","NY.GNP.PCAP.CD","","","330","400","330","360","410","430","460","520","570","610","680","890","1670","2800","4340","3900","3000","3420","4460","5120","4680","4120","4160","3730","3710","3310","4010","4420","4650","4990","4940","4280","3990","3770","3960","4130","3810","3160","2980","3290","3460","3700","4110","5240","5450","6240","6920","7170","7420","7680","8610","8870","8880","7610","6770","6230","6540","6870","6820","7000","7430","7760","7790","",
"United Kingdom","GBR","GNI per capita, Atlas method (current US$)","NY.GNP.PCAP.CD","","","1720","1830","1970","2080","2210","2340","2410","2430","2490","2750","3190","3940","4420","4940","5050","5250","5940","7540","9550","10660","10690","9870","9320","9180","10330","12730","16120","17390","18640","19450","21690","21650","22210","21360","22970","25630","27040","28210","29550","29190","29260","32370","37910","42840","44960","47640","48720","44370","42010","41240","41940","42960","44780","44630","43310","42140","42540","43640","39340","45870","49720","48830","49470","",
"Georgia","GEO","GNI per capita, Atlas method (current US$)","NY.GNP.PCAP.CD","","","","","","","","","","","","","","","","","","","","","","","","","","","","","","","1640","1330","750","540","510","550","670","820","870","840","790","780","840","990","1210","1520","1910","2380","2820","2950","3220","3580","4250","4680","4850","4500","4180","4130","4580","4780","4330","4760","5690","6710","8110","",
"Ghana","GHA","GNI per capita, Atlas method (current US$)","NY.GNP.PCAP.CD","","","190","190","210","230","240","240","220","220","240","260","250","290","330","310","280","290","330","350","390","380","330","290","320","330","370","400","420","380","380","400","420","400","370","360","370","380","380","390","330","290","270","310","370","450","570","770","1120","1160","1200","1350","1490","1790","1830","1880","1760","1830","2060","2170","2250","2300","2400","2280","2310","",
"Gibraltar","GIB","GNI per capita, Atlas method (current US$)","NY.GNP.PCAP.CD","","","","","","","","","","","","","","","","","","","","","","","","","","","","","","","","","","","","","","","","","","","","","","","","","","","","","","","","","","","","","","","","","","",
"Guinea","GIN","GNI per capita, Atlas method (current US$)","NY.GNP.PCAP.CD","","","","","","","","","","","","","840","1010","1230","1370","1420","1360","1530","1690","1910","1920","1930","2040","2460","3110","1140","730","590","580","600","610","660","700","700","710","730","720","670","640","580","530","500","500","550","530","500","530","610","660","680","670","680","680","730","740","760","800","860","970","1030","1120","1280","1340","1440","",
"Gambia, The","GMB","GNI per capita, Atlas method (current US$)","NY.GNP.PCAP.CD","","","","","","","","","100","90","100","100","110","130","160","200","210","210","240","280","340","340","300","270","250","260","270","290","270","270","280","360","470","630","620","620","630","620","600","580","560","510","410","360","430","480","600","650","750","820","830","710","710","680","600","590","590","620","680","720","720","760","830","870","880","",
"Guinea-Bissau","GNB","GNI per capita, Atlas method (current US$)","NY.GNP.PCAP.CD","","","","","","","","","","","","","400","430","480","500","460","400","430","440","370","460","480","470","460","440","390","450","480","540","590","650","630","590","570","590","630","630","460","500","410","350","330","360","410","470","470","480","540","590","620","660","630","660","660","670","670","710","750","850","860","910","960","990","990","",
"Equatorial Guinea","GNQ","GNI per capita, Atlas method (current US$)","NY.GNP.PCAP.CD","","","","","","","","","","","","","","","","","","","","","","","110","110","120","140","150","190","220","200","230","230","330","320","230","220","310","760","610","710","660","760","1050","960","1370","3080","6420","9200","11310","9950","7920","9170","11060","11220","10610","8720","6660","5260","5450","5130","4790","4820","4570","4840","4740","",
"Greece","GRC","GNI per capita, Atlas method (current US$)","NY.GNP.PCAP.CD","","","640","720","810","910","1000","1090","1200","1360","1510","1690","1960","2440","2790","3420","3680","3860","4510","5540","6380","6250","5800","5180","5040","4920","5260","6020","7450","8150","8810","9670","11000","10940","11390","12180","13130","13810","13540","13140","13100","12840","12980","15460","19280","22430","24160","25960","28330","29030","27320","24470","22750","22030","21670","19920","18500","17890","19060","19770","18030","20350","21980","22300","22730","",
"Grenada","GRD","GNI per capita, Atlas method (current US$)","NY.GNP.PCAP.CD","","","","","","","","","","","","","","","","","","","","1060","1220","1260","1290","1290","1380","1560","1850","2240","2490","2620","2730","2910","3010","2990","3100","3200","3380","3530","3840","4140","4410","4310","4450","5050","5110","6340","6120","6500","6910","6390","6610","6730","6700","7040","7170","7410","8000","8400","9220","9400","8390","8890","9980","10120","10510","",
"Greenland","GRL","GNI per capita, Atlas method (current US$)","NY.GNP.PCAP.CD","","","","","","","","","","","","","1890","2440","3130","3800","4330","5140","6160","7550","9270","9100","8020","7270","6740","7060","8540","11470","15170","16970","15690","16510","17440","16600","17830","19470","20780","20540","20440","19740","20290","19380","18760","20440","25740","30920","30240","34800","","","","","","","","","","","","","","","","","","",
"Guatemala","GTM","GNI per capita, Atlas method (current US$)","NY.GNP.PCAP.CD","","","260","280","290","290","300","300","320","330","350","370","390","450","540","610","690","800","920","1080","1200","1240","1170","1120","1140","1170","1080","1020","990","980","930","970","1030","1140","1230","1350","1430","1520","1600","1640","1660","1590","1590","1660","1830","1980","2130","2340","2570","2610","2690","2850","3090","3300","3460","3610","3760","3980","4270","4490","4360","4800","5220","5470","5780","",
"Guam","GUM","GNI per capita, Atlas method (current US$)","NY.GNP.PCAP.CD","","","","","","","","","","","","","","","","","","","","","","","","","","","","","","","","","","","","","","","","","","","","","","","","","","","","","","","","","","","","","","","","","","",
"Guyana","GUY","GNI per capita, Atlas method (current US$)","NY.GNP.PCAP.CD","","","290","260","290","320","330","350","340","350","360","380","390","430","540","680","670","610","620","670","770","740","590","510","470","500","520","450","460","350","390","330","390","470","570","670","830","880","860","850","870","860","870","910","1010","1070","1450","2250","3820","4160","4520","4860","5350","5610","5640","5530","5610","5870","6100","6380","8090","7810","9780","17770","20140","",
"High income","HIC","GNI per capita, Atlas method (current US$)","NY.GNP.PCAP.CD","","","1344.89589375176","1426.32293978005","1535.54940084508","1659.72670775206","1800.80319834001","1907.48589400505","2078.46682852635","2253.88684519609","2401.80153619663","2626.49683241947","3022.03501360792","3701.86535759883","4342.84900899038","4868.82291098308","5176.60214525914","5552.43130144756","6334.84676545211","7597.01798536927","8778.85869801527","9148.30658295676","8708.59341487463","8353.29921310402","8664.57146981753","9058.85414472569","10174.8616425634","12172.5689660529","14794.0534865381","15622.2490642608","16366.764156832","17005.1017876584","18384.0631752766","18831.7409040795","19736.1489278749","21057.5263083365","22071.3001761722","22228.225781884","21351.2539621406","21576.273590092","22500.4360702861","22522.84305902","22445.8539177067","24248.5081054759","27772.9081503033","30723.0178670571","32403.7817140768","33887.0844275966","35609.7651582265","35055.1254186514","36161.6944824687","37462.0524910843","38882.1325310591","39805.8241373557","39955.6262732102","38525.7178440139","37535.7025850553","37758.8772059925","40497.0515110014","42126.2281176964","40698.1896385804","44981.6739193687","47867.4952891625","48698.7466646254","49376.41055273","",
"Hong Kong SAR, China","HKG","GNI per capita, Atlas method (current US$)","NY.GNP.PCAP.CD","","","","570","630","700","710","710","740","840","930","1060","1300","1750","2150","2450","2900","3340","3930","4700","5730","6360","6290","5890","6170","6090","7230","9080","10770","11550","12660","14320","16560","19560","21820","23570","24140","26080","25110","25800","26930","26350","25270","26340","28120","28890","30290","32070","33950","32350","33620","35690","36340","38570","40240","41180","42970","46380","50050","50480","48550","54380","54000","54910","57070","",
"Honduras","HND","GNI per capita, Atlas method (current US$)","NY.GNP.PCAP.CD","","","240","240","250","260","270","280","290","310","330","340","360","390","460","480","500","540","640","780","920","960","900","900","890","930","1020","1100","1160","1060","950","880","800","810","880","920","910","970","960","1010","1060","1050","1070","1130","1210","1290","1360","1490","1620","1670","1730","1860","1950","1990","1980","2030","2090","2210","2280","2330","2120","2440","2700","2880","3020","",
"Heavily indebted poor countries (HIPC)","HPC","GNI per capita, Atlas method (current US$)","NY.GNP.PCAP.CD","","","","151.925882054774","152.906015131608","161.069631243297","167.402027699542","172.740497195763","178.346608115385","184.508772440858","177.751818464226","186.607942485447","196.540366515694","228.300629482427","276.305391407322","311.796452460902","317.023420499232","330.659718576053","369.385806174926","423.669436223066","471.95222768369","484.273009720852","455.922098273895","414.655977933875","401.054722550715","403.015587436261","389.542377889678","411.544818234029","430.075500507095","416.555850113843","410.855864736449","420.282088857048","378.412890350856","357.427859646915","316.896999315839","323.215242329757","324.143069462645","340.49274663405","336.496422503148","336.659189712701","334.553052063976","331.379715625833","336.962799055703","363.554989632718","420.424041266767","476.307552544089","525.687300872036","594.656937534574","693.991597891431","744.424844577986","776.532497667175","801.210463386213","836.831105496973","886.424496134452","942.295034057583","935.793702351158","905.753395667572","893.938732716482","942.247988104624","975.049995195168","956.205718805128","1005.42741040721","1075.02576903525","1115.04769331767","1138.03193361839","",
"Croatia","HRV","GNI per capita, Atlas method (current US$)","NY.GNP.PCAP.CD","","","","","","","","","","","","","","","","","","","","","","","","","","","","","","","","","","","","","","","","5250","5310","5360","5650","6700","8570","10200","11240","12510","13990","13960","13890","13970","13520","13940","13810","13580","13080","13350","14670","15800","15130","17420","19370","20750","22250","",
"Haiti","HTI","GNI per capita, Atlas method (current US$)","NY.GNP.PCAP.CD","","","","","","","","","","","","","","","","","","","","","250","260","250","250","260","290","330","350","390","380","430","460","400","320","260","310","370","400","410","460","560","650","740","690","680","710","800","900","1010","1160","1140","1260","1320","1410","1460","1430","1380","1370","1430","1410","1340","1450","1620","1760","1760","",
"Hungary","HUN","GNI per capita, Atlas method (current US$)","NY.GNP.PCAP.CD","","","","","","","","","","","570","620","710","870","1050","1200","1260","1390","1600","1860","2170","2300","2280","2110","2030","1960","2140","2520","2840","2910","3020","2910","3320","3670","4040","4260","4380","4410","4420","4500","4630","4790","5300","6630","8650","10380","11230","11770","13250","13400","13250","13260","13080","13560","13630","13310","13230","13310","15180","16840","16330","18070","19200","19840","20770","",
"IBRD only","IBD","GNI per capita, Atlas method (current US$)","NY.GNP.PCAP.CD","","","153.535461858999","162.649421627056","178.886855890287","194.213647917373","202.488970429773","202.852624996097","208.885056289329","227.11666747157","245.08665951918","259.902655633881","282.378194957937","340.523632611076","424.4792495847","502.52071046121","530.537713067262","552.81165215187","602.899212649359","696.321357313403","801.487708465947","857.609737573031","841.360826110578","784.903170632169","783.693931095724","796.897502001803","837.129110293725","897.59652028092","951.110876764496","952.360563140061","995.776194385896","992.152291592127","1036.693796294","1068.90633695883","1127.57374388929","1228.17601597585","1362.38110334747","1465.74293789824","1418.70321834448","1388.20582698067","1428.95782646594","1440.39455196806","1458.54987466664","1584.47977803118","1843.912412444","2153.39531755703","2503.28618378778","2973.79879966622","3511.08717062294","3776.7944751841","4220.5747470646","4705.41672484278","5337.22527783442","5756.50700062763","5922.93592155027","5750.32902648019","5631.49914485795","5753.72269946462","6195.47239393759","6530.77992790231","6306.92145393251","6989.79517376854","7547.35666680361","7989.85999468191","8126.74327805953","",
"IDA & IBRD total","IBT","GNI per capita, Atlas method (current US$)","NY.GNP.PCAP.CD","","","147.199566061197","155.867672081148","169.690409738083","183.797069438648","191.716024157269","193.049639233272","199.082705506595","215.686976952345","230.955271574009","244.682455793639","265.059274492389","316.53534197509","392.787484630034","463.424000571567","487.674405830003","506.586507411368","552.553030949967","636.959209016522","731.781730463062","781.40883215533","764.177989208801","711.742812618053","708.05401904786","718.818830648409","750.433922722967","802.327532164224","849.081225868684","847.007187538636","880.866809418399","878.745535577958","911.242793801556","934.6974663354","977.485297909586","1057.9029212284","1164.0630098065","1246.10667601673","1205.12171494863","1178.80251859341","1211.51479700275","1219.6583778302","1233.85500941195","1336.25149657588","1549.9584404215","1802.04541661264","2081.68964325328","2456.90932605755","2888.03296965298","3098.34929811809","3442.22784172266","3814.13940417506","4303.25118996647","4630.30908685834","4766.31684282788","4627.20575218856","4521.26344196082","4598.23825884799","4932.10633630903","5184.22309612988","5000.49359314366","5513.57068791016","5924.36790027445","6217.47086947444","6269.43060654792","",
"IDA total","IDA","GNI per capita, Atlas method (current US$)","NY.GNP.PCAP.CD","","","","","","","","","","","","","","","","","","","","","","","","","","","","","","","461.125602960828","470.791880273065","454.422865034091","447.067431084433","428.340778328181","435.78770961642","438.565003484414","447.696348921389","440.742943456333","441.784546916606","457.142518548576","465.736531828585","479.601706310639","513.349199752296","586.770385216486","661.558799312106","722.29403317631","803.140652061187","917.336958296228","980.733566569819","1044.17302993511","1102.48043913481","1193.31824667522","1276.15789780921","1357.06762658324","1352.90603782217","1322.13320826244","1309.11468419834","1382.89182114723","1454.29664788549","1436.44216757367","1551.08727236923","1639.18876099313","1613.15669307858","1518.89630101915","",
"IDA blend","IDB","GNI per capita, Atlas method (current US$)","NY.GNP.PCAP.CD","","","","","","","","","","","","","","","","","","","","","","","","","","","","","","","","","","","","","","","","","","","","","","","","","1312.89349359226","1369.53178331143","1430.18778222711","1490.51526554731","1666.87863861321","1821.4190311103","1986.87418455858","1966.4669278744","1869.73208020919","1776.55579031531","1824.15742719294","1934.69269091803","1922.57602470729","2127.76806534773","2231.18429576123","2110.08413586526","1808.07579267429","",
"Indonesia","IDN","GNI per capita, Atlas method (current US$)","NY.GNP.PCAP.CD","","","","","","","","","","70","80","80","90","110","160","210","260","300","350","390","470","530","560","520","520","500","510","500","510","520","560","600","650","730","840","970","1070","1080","640","560","570","700","780","880","1060","1200","1350","1570","1900","2110","2490","2960","3520","3670","3570","3390","3370","3490","3810","4020","3850","4130","4520","4810","4910","",
"IDA only","IDX","GNI per capita, Atlas method (current US$)","NY.GNP.PCAP.CD","","","","","","","","","","","","","","192.632532770454","236.486602192491","274.636483694634","278.840063002711","277.868165983285","296.507882047803","335.707331816692","383.776872491175","399.511867699275","381.845496721951","355.612037652018","344.188086674887","350.590448903458","337.600250209614","350.15891811922","363.550347744643","352.116749737045","357.25078868078","370.656379152258","347.437838989356","340.123754786485","322.689989089482","326.392911139877","326.833157148383","334.418410500413","331.323528282253","334.205724315304","344.251610468634","347.272923506703","353.868156699775","381.222421522774","433.526208127789","486.604526248327","534.993701081054","604.236788270265","702.378621472316","768.992294761655","833.50612774254","890.392630597049","934.231032943899","977.558014502716","1012.17737591001","1017.27634024458","1023.3319871972","1054.73554842367","1143.40504872229","1194.43828696943","1174.30468839864","1240.87085343556","1321.46337680227","1347.31163182067","1364.73371105372","",
"Isle of Man","IMN","GNI per capita, Atlas method (current US$)","NY.GNP.PCAP.CD","","","","","","","","","","","","","","","","","","","","","","","","","","","6120","7930","10360","11430","12410","13120","14420","13920","13740","14170","15490","17210","18970","21680","22470","23100","24130","27590","33670","39430","44860","47950","43640","46790","72410","74840","82400","87680","88570","83630","78690","77890","83430","84470","79280","76440","78440","","","",
"India","IND","GNI per capita, Atlas method (current US$)","NY.GNP.PCAP.CD","","","90","100","110","110","110","110","100","110","120","120","130","150","170","190","180","190","210","230","270","300","290","290","290","300","320","360","400","390","390","350","350","330","340","370","400","410","410","440","440","450","460","510","610","700","780","910","990","1110","1210","1350","1460","1500","1540","1580","1670","1790","1970","2070","1900","2170","2390","2580","2650","",
"Not classified","INX","GNI per capita, Atlas method (current US$)","NY.GNP.PCAP.CD","","","","","","","","","","","","","","","","","","","","","","","","","","","","","","","","","","","","","","","","","","","","","","","","","","","","","","","","","","","","","","","","","","",
"Ireland","IRL","GNI per capita, Atlas method (current US$)","NY.GNP.PCAP.CD","","","860","930","1010","1090","1170","1280","1380","1450","1520","1720","2070","2540","2990","3390","3280","3580","4120","5120","6380","6780","6390","5720","5610","5630","6370","8220","10420","11100","12560","13130","14440","14600","15480","16920","18880","20650","21430","22690","24130","24080","24920","29980","37840","44640","47950","50540","50940","46810","44970","42670","41070","44170","47580","52340","52880","54410","59110","62460","64420","74070","75970","79280","80650","",
"Iran, Islamic Rep.","IRN","GNI per capita, Atlas method (current US$)","NY.GNP.PCAP.CD","","","210","210","220","250","270","280","320","350","380","430","530","700","1040","1430","1940","2010","1960","2160","2080","2270","2840","3100","2980","3280","3450","3320","2850","2440","2450","2460","2270","1590","1300","1270","1600","1790","1770","1730","1750","1780","1880","2180","2450","2850","3330","4070","4720","5260","5910","6680","7310","7220","6660","5460","5530","5640","5390","4710","3980","4110","4390","5070","5130","",
"Iraq","IRQ","GNI per capita, Atlas method (current US$)","NY.GNP.PCAP.CD","","","300","300","340","370","380","350","420","430","440","460","610","690","950","1480","1910","2130","2610","3250","3930","3430","3020","2340","2520","2740","3030","3480","3660","3650","7000","70","50","40","60","120","380","730","890","1240","1530","1660","1330","790","1310","1510","1880","2480","3470","4010","4390","4740","5980","6620","6440","5460","5060","4430","4820","5520","4720","4740","5510","5920","6030","",
"Iceland","ISL","GNI per capita, Atlas method (current US$)","NY.GNP.PCAP.CD","","","1610","1830","2150","2550","3120","3260","2920","2610","2640","3100","3810","5060","6820","7630","8130","9190","11070","13440","15740","16560","15400","12820","12130","12160","14530","19480","23940","24680","25300","25760","27030","26610","26170","25080","26780","28120","29080","30280","31750","30780","30750","33410","41660","51090","54890","63100","52420","43550","37950","39250","42440","49060","50120","52540","58410","62070","72210","74870","65670","66970","73690","82630","82200","",
"Israel","ISR","GNI per capita, Atlas method (current US$)","NY.GNP.PCAP.CD","","","1550","1570","1540","1700","1730","1740","2030","2250","2400","2560","2930","3360","4520","5160","5040","4890","5110","5960","6450","7140","7010","7010","6930","6910","7530","9010","11060","11610","12880","13680","15290","15690","16640","18080","19590","20090","19860","19530","20380","20390","19590","19680","20990","22530","23380","25120","27350","28490","30820","32870","33560","35530","37080","36980","37310","38700","42060","44280","43370","49680","55450","54280","52910","",
"Italy","ITA","GNI per capita, Atlas method (current US$)","NY.GNP.PCAP.CD","","","1010","1110","1210","1330","1480","1620","1770","1940","2120","2290","2620","3260","3940","4330","4520","4740","5280","6760","8450","8730","8240","7650","7780","8050","9400","12190","15990","17340","18710","20410","23010","21640","20910","20720","21880","22370","22270","22050","21980","21260","20830","23440","28390","32480","34260","35880","37870","37830","37720","37710","35970","35700","35370","33460","32400","31790","34120","35030","32600","36760","39060","38770","38590","",
"Jamaica","JAM","GNI per capita, Atlas method (current US$)","NY.GNP.PCAP.CD","","","","","","","","","620","640","720","760","980","1020","1190","1380","1380","1460","1420","1330","1230","1310","1370","1410","1150","940","970","1190","1510","1720","1800","1760","1630","1860","1900","2330","2560","2800","2940","3170","3300","3300","3320","3500","3730","3870","4170","4400","4660","4420","4490","4700","5100","5150","5060","4940","4990","5300","5610","5930","5360","5690","6340","6860","7210","",
"Jordan","JOR","GNI per capita, Atlas method (current US$)","NY.GNP.PCAP.CD","","","","","","","","","","","","","","","","","","","1250","1650","1930","2170","2090","1840","1810","1740","1940","2160","2200","1580","1260","1040","1200","1230","1290","1370","1380","1390","1410","1460","1590","1650","1680","1800","2050","2240","2340","2500","2910","3270","3510","3710","3970","4080","3980","3840","3810","3920","4090","4190","4070","4240","4380","4450","4430","",
"Japan","JPN","GNI per capita, Atlas method (current US$)","NY.GNP.PCAP.CD","","","650","740","860","960","1110","1290","1530","1790","1940","2190","2760","3660","4490","5230","5480","6020","7550","9570","11000","11300","10690","10360","10640","11690","14080","18370","25200","27480","28390","29070","31030","34090","37630","42840","43940","40760","35010","34320","36810","37380","35360","35660","39000","41280","40590","39310","39380","39230","43910","47470","50060","48850","44440","39380","38460","38930","41800","41970","40930","43710","42640","39360","36000","",
"Kazakhstan","KAZ","GNI per capita, Atlas method (current US$)","NY.GNP.PCAP.CD","","","","","","","","","","","","","","","","","","","","","","","","","","","","","","","","","","1350","1240","1210","1270","1330","1340","1250","1220","1290","1450","1720","2180","2780","3670","4740","5870","6580","7210","8030","9640","11490","11720","11040","8500","7780","7790","8500","8380","8540","9420","10690","12090","",
"Kenya","KEN","GNI per capita, Atlas method (current US$)","NY.GNP.PCAP.CD","","","100","110","110","110","120","120","130","140","130","160","190","200","230","250","250","280","330","400","460","460","410","350","320","320","350","390","420","410","390","360","340","280","270","280","350","400","450","450","430","410","390","420","460","520","590","710","830","830","930","1010","1060","1130","1250","1320","1490","1540","1720","1880","1910","2070","2170","2110","2090","",
"Kyrgyz Republic","KGZ","GNI per capita, Atlas method (current US$)","NY.GNP.PCAP.CD","","","","","","","","","","","","","","","","","","","","","","","","","","","","","","","","","510","450","370","360","390","390","360","300","280","280","290","340","400","450","500","610","760","860","850","870","1030","1180","1230","1160","1090","1090","1200","1240","1210","1270","1540","1840","2190","",
"Cambodia","KHM","GNI per capita, Atlas method (current US$)","NY.GNP.PCAP.CD","","","","","","","","","","","","","","","","","","100","120","120","120","120","120","120","130","140","150","160","190","170","170","170","210","290","210","260","320","310","280","290","290","310","320","370","430","510","580","670","780","840","910","990","1110","1230","1330","1430","1550","1690","1920","2100","2050","2120","2270","2390","2550","",
"Kiribati","KIR","GNI per capita, Atlas method (current US$)","NY.GNP.PCAP.CD","","","","","","","","","","","","","","","","","","","690","690","620","590","640","590","470","410","400","480","600","590","610","830","1020","1080","1180","1290","1200","1440","1540","1340","1370","1340","1220","1200","1430","1620","1670","1790","1860","1850","2030","2110","2630","3040","3260","3490","2990","3130","3280","3610","3070","3150","3610","3800","3660","",
"St. Kitts and Nevis","KNA","GNI per capita, Atlas method (current US$)","NY.GNP.PCAP.CD","","","","","","","","","","","","","","","","","","","","1390","1680","1860","1950","2020","2240","2510","3060","3660","4350","4610","5200","5260","5710","6180","6680","7260","7620","7980","7690","8100","8890","9200","9190","9190","10390","11750","12650","13350","15980","15840","15970","16760","17010","18460","18850","18670","19640","20420","21930","23670","19340","19070","21040","21840","22470","",
"Korea, Rep.","KOR","GNI per capita, Atlas method (current US$)","NY.GNP.PCAP.CD","","","120","120","140","140","140","150","190","240","280","320","350","430","560","670","820","980","1300","1710","1910","2070","2090","2220","2400","2540","2930","3630","4660","5550","6660","7810","8580","9310","10440","12230","13790","14030","10720","10820","11460","12390","13320","14290","16790","19230","21610","24390","24840","22960","23250","24590","26780","28210","29480","30130","30850","31940","34610","35790","35000","37450","38590","38020","36750","",
"Kuwait","KWT","GNI per capita, Atlas method (current US$)","NY.GNP.PCAP.CD","","","","","","","","","","","","","3380","4010","5930","9130","13380","12500","13960","17570","17940","19470","17240","15880","15090","13500","15770","14700","13830","16600","16460","12450","16200","18590","18550","19590","19620","20550","19540","17330","18810","19550","19640","23150","29080","35740","42460","47510","51800","45410","42850","44350","50830","53530","51350","41830","34920","30650","32340","35680","33150","35990","39120","42030","40770","",
"Latin America & Caribbean (excluding high income)","LAC","GNI per capita, Atlas method (current US$)","NY.GNP.PCAP.CD","","","351.919845812619","354.726050505463","390.83083255475","425.115126527994","451.26428146826","466.265020258298","500.437980925306","534.24871182359","565.547591891049","620.353874271754","683.200271229833","829.984038714056","1063.63429608609","1256.30143012553","1335.78143128988","1368.24616145492","1509.24133027754","1771.00742654683","2051.06430080281","2188.55603538947","2085.16497799153","1828.96711115799","1777.66168640508","1710.44960112384","1774.52899260266","1905.40349237729","2049.70283658456","2133.12553054782","2183.74409126022","2377.17502740298","2632.78891596755","2910.98193664926","3310.53206590204","3575.91862830419","3979.13475091711","4304.36289379869","4309.35467497783","4070.68410361261","4109.62300181584","3963.18408056241","3734.32945099537","3746.48030544106","4023.78068297558","4481.49701530612","5144.05009262417","5982.17658823337","6868.48863077419","6987.86001766681","7751.32753118236","8602.97313940033","9497.88708314954","9948.84515057249","9771.10412693134","8920.15472066265","8156.33973836225","8027.58371500772","8317.70968740116","8394.09604744509","7324.28303390113","7765.44476204419","8351.00693010608","9101.51650802502","9634.35564532189","",
"Lao PDR","LAO","GNI per capita, Atlas method (current US$)","NY.GNP.PCAP.CD","","","","","","","","","","","","","","","","","","","","","","","","","","","550","430","250","210","190","210","240","270","310","350","380","370","300","280","280","300","310","330","380","450","500","600","740","880","990","1130","1350","1590","1810","1960","2110","2240","2460","2520","2470","2500","2300","2110","2000","",
"Lebanon","LBN","GNI per capita, Atlas method (current US$)","NY.GNP.PCAP.CD","","","","","","","","","","","","","","","","","","","","","","","","","","","","","","","1020","1350","1580","1880","2280","2820","3330","3560","3750","3950","4090","4040","3940","3670","4700","4910","4870","5320","5860","6620","7340","7720","8000","7880","7440","7360","7670","8260","8700","8630","6350","4770","4130","3700","","",
"Liberia","LBR","GNI per capita, Atlas method (current US$)","NY.GNP.PCAP.CD","","","160","160","180","190","200","210","220","230","250","260","280","290","340","370","410","440","470","530","530","520","460","450","410","410","390","380","410","430","250","250","150","100","80","80","100","160","180","170","190","210","250","180","210","240","270","310","370","410","440","500","540","610","620","620","610","620","620","600","570","630","680","720","760","",
"Libya","LBY","GNI per capita, Atlas method (current US$)","NY.GNP.PCAP.CD","","","350","470","590","820","1010","1200","1610","1930","2010","2010","2580","3160","5150","6180","7510","7180","7340","8800","10360","9480","9480","8650","7650","8120","6740","6230","6570","6700","6460","7260","7320","6800","6610","6050","5900","5810","5500","4990","5930","6130","5190","5160","5150","6760","8540","10500","12020","11140","11550","6080","13310","11960","9130","8370","7670","9760","11000","10100","7000","6950","6010","6160","6890","",
"St. Lucia","LCA","GNI per capita, Atlas method (current US$)","NY.GNP.PCAP.CD","","","","","","","","","","","","","","","","","","","","","","","1510","1480","1630","1890","2450","2780","3290","3550","3740","3870","4410","4410","4480","4610","4800","4710","4870","5100","5500","5270","5280","5650","6300","6550","7210","7500","8150","8130","8240","8890","9000","8710","9040","9020","9710","10260","11060","11100","8560","9860","11740","12440","12640","",
"Latin America & Caribbean","LCN","GNI per capita, Atlas method (current US$)","NY.GNP.PCAP.CD","","","395.712359603758","403.508759568724","436.58728304174","465.849884580901","491.053074450276","505.634991396588","540.392828711793","575.166809433933","612.0598698274","670.940142128569","737.24753772486","891.451483532969","1132.29473708791","1311.71520642199","1391.30015586211","1431.06867981217","1584.09712833252","1862.45190917989","2163.15440232584","2329.58194990037","2213.19670684356","1938.92107879956","1887.06337146022","1826.44340758533","1893.36719433228","2016.48150379842","2160.52569363504","2202.00071252101","2259.14689688749","2449.6770560941","2715.82075776388","2982.43805963844","3352.48411497578","3634.11833402934","4025.15002734035","4356.41456235849","4360.69313548477","4155.65161149715","4223.8447534736","4108.97177247323","3864.7089677389","3860.83494377957","4180.94486614202","4675.54006178623","5372.99259312046","6257.44796993661","7199.61706098385","7357.86690381675","8153.77442827876","8981.70449763498","9912.7726008424","10265.4764383741","10009.8643173857","9088.33729124492","8304.86578170817","8167.3601916688","8483.55677805826","8568.19546653054","7487.16168381769","7981.79286629945","8596.84876975449","9363.42125711391","9897.78632968313","",
"Least developed countries: UN classification","LDC","GNI per capita, Atlas method (current US$)","NY.GNP.PCAP.CD","","","","","","","","","","","","","","183.043223860783","223.576408444378","260.337970499149","263.172731570326","261.215108287102","277.981958458783","319.045671157367","362.058903032959","373.405845324341","354.296596951318","325.215868570726","312.360178438723","314.154337207386","303.022651709769","318.091886238509","332.656744006852","340.357600252406","344.7483723601","360.407643494075","313.721654770218","304.638195871684","284.93075461058","291.554218852097","288.543896313848","296.630450811191","291.482936683042","292.422915667482","302.440965097388","307.195161673473","318.284199357508","344.193477221007","400.474045872093","457.447273867507","509.852856562996","584.757065508742","680.146177872258","743.311733423809","797.862299951219","844.847815504043","912.582129471288","979.355190849511","1020.28737010586","998.793897971647","965.916993097215","979.006850826233","1057.86692825753","1114.9073044534","1093.9513087048","1155.41413938529","1249.57994147398","1282.8185899041","1291.05573686149","",
"Low income","LIC","GNI per capita, Atlas method (current US$)","NY.GNP.PCAP.CD","","","","","","","","","","","","","","","","","","","","","","","","","381.531872044527","370.362437916657","374.10290501875","386.437549059129","421.97689036629","413.184437115713","420.466431453711","458.660075840624","383.244034605876","363.887700341562","340.450645868887","326.826344607179","292.422278582832","289.82299844522","281.787768368072","277.969561580288","286.878304824646","297.776686340267","316.881657075969","346.72828507854","402.793085114903","457.527406547779","513.359597131802","590.137260752668","677.869550415003","727.306253814887","765.928821741108","779.251808171907","755.456431124958","744.523250295325","749.05520825896","718.699716272969","669.360097624719","629.413790269954","624.989665296932","636.130942498267","604.4848473233","623.325870250554","666.654455771915","688.400546906594","702.608784951295","",
"Liechtenstein","LIE","GNI per capita, Atlas method (current US$)","NY.GNP.PCAP.CD","","","","","","","","","","","","","5130","6430","8050","9980","11130","12370","14730","18430","22930","23110","20540","19020","19330","20030","23130","31480","41760","43830","45550","47500","54210","56490","61900","70290","79390","81680","79220","79990","80170","68970","65420","68640","78690","92620","103870","112050","121890","116380","","","","","","","","","","","","","","","","",
"Sri Lanka","LKA","GNI per capita, Atlas method (current US$)","NY.GNP.PCAP.CD","","","","140","130","130","150","170","170","170","170","170","190","210","250","280","260","260","240","270","280","310","320","320","340","380","420","450","480","470","490","530","580","630","670","720","760","810","810","830","860","810","820","910","1030","1170","1320","1500","1740","1950","2360","2830","3340","3630","3810","3920","4020","4220","4350","4220","3880","4010","3620","3530","3860","",
"Lower middle income","LMC","GNI per capita, Atlas method (current US$)","NY.GNP.PCAP.CD","","","","","","135.522036466028","134.123886935237","136.929146423612","137.019802074577","146.555680447161","150.99926502929","156.853994489468","164.134609158572","187.141995113355","219.291768639317","250.36311020521","250.193066140497","256.638815071036","283.680135775207","317.550669245017","375.184681297471","405.012078174648","395.276354596943","377.488859480829","372.914292272238","380.216267631269","395.428514454086","434.621365611453","471.685809525048","465.97121372547","456.595480048301","437.25456734052","439.92865099453","431.462433210396","448.839163070082","483.024168736493","526.090193905319","544.416765782897","545.793179215481","562.882044967442","573.13887039889","581.037027988607","583.454020540947","632.192972378366","726.299910506806","822.16107446555","906.02399167916","1031.93550946823","1156.95231833965","1269.42812502041","1377.53940868103","1503.22717368656","1657.9312561164","1758.75336634761","1845.21000078975","1865.29454357492","1891.67355980361","1941.16021073832","2085.82391227729","2188.82422358481","2085.20709862887","2313.5764165729","2518.87831230766","2595.43918853624","2566.99700579002","",
"Low & middle income","LMY","GNI per capita, Atlas method (current US$)","NY.GNP.PCAP.CD","","","126.415759634604","133.699376615528","146.300185523243","159.431022631004","166.294021670874","167.194825835916","172.075420836009","186.762354347366","199.583425181254","210.759203765507","228.011739406645","272.197664342136","337.380131641847","400.642743349142","421.120034159291","436.646244146073","474.882257463436","545.706727480306","624.539616174572","664.104263091657","650.832996652017","608.579960911464","606.65155506954","616.702828350342","643.294564269262","687.809473344946","728.231304517572","731.04655018948","760.161993098348","757.241927706361","802.328834558475","829.783813958657","883.466166525144","961.13971665094","1068.52262314935","1148.48152553892","1122.25184658164","1107.47264580193","1140.14172357064","1146.02099320664","1154.67587431757","1246.44512840362","1434.78140689828","1652.98430501737","1890.62181951037","2211.45686094869","2576.49640235245","2800.74631355657","3137.97110966753","3500.20707771384","3946.65052768804","4259.76078593213","4423.41784361333","4371.29579016403","4328.89587977493","4427.01712734776","4738.40276065697","4971.12853168189","4804.72588471122","5302.33816917503","5691.38974923044","5951.19739238166","5970.59340642176","",
"Lesotho","LSO","GNI per capita, Atlas method (current US$)","NY.GNP.PCAP.CD","","","","","","","80","90","80","80","90","90","100","140","210","220","260","300","320","380","420","490","570","510","460","380","360","390","460","490","510","550","620","630","660","670","690","690","620","610","590","650","600","680","820","1040","1160","1320","1310","1190","1270","1350","1490","1440","1330","1280","1240","1160","1250","1290","1170","1190","1270","1250","1180","",
"Late-demographic dividend","LTE","GNI per capita, Atlas method (current US$)","NY.GNP.PCAP.CD","","","136.934768938687","147.150157796985","162.531336388181","177.184951231123","189.520365943459","187.366241026697","191.741701910181","212.295454189831","235.747721966074","251.69249809543","276.121362323201","334.118934489984","406.816553448286","474.842289285273","502.313557002001","538.075834889732","587.869863803856","687.011008135732","772.579035939213","802.522587458026","774.133919799324","719.028857721731","733.815541908196","747.503349406022","804.515644647829","878.677569417047","958.571486143578","1016.49440757192","1025.24273482449","1067.67084073517","1083.57184008032","1112.27962949193","1181.57415382465","1352.71122550181","1558.65652877909","1708.06739617274","1660.64039917577","1597.78288432027","1643.39075223806","1656.17054656398","1735.54210556335","1934.67897706345","2296.6283748304","2715.11731261152","3217.85986538078","3908.01757310627","4737.82036852316","5181.03020944487","5834.18523874814","6577.39264425128","7561.99566042503","8363.01985693964","8778.54514707303","8614.29258802537","8458.86779961792","8663.98633350225","9469.64983871632","10151.2834939382","10033.5011275005","11149.3642744758","12000.575555271","12658.4701673624","12818.2018649917","",
"Lithuania","LTU","GNI per capita, Atlas method (current US$)","NY.GNP.PCAP.CD","","","","","","","","","","","","","","","","","","","","","","","","","","","","","","","","","","","","","","2610","2870","2990","3220","3460","3830","4700","6020","7580","8810","10590","12670","12480","12430","13200","14040","15310","16020","15220","14890","15260","17550","19200","19800","22050","23760","25460","27150","",
"Luxembourg","LUX","GNI per capita, Atlas method (current US$)","NY.GNP.PCAP.CD","","","1730","1790","1980","2040","2140","2200","2380","2720","3050","3350","4050","5200","6850","7890","8470","9030","10600","12870","15390","15400","14850","13410","12990","13050","15520","19980","25870","28540","31330","35170","38990","40050","41330","45760","48560","49360","46350","46520","45690","45000","42520","46050","62680","73180","71370","85730","86000","70650","77640","79210","87950","85160","86760","73530","73730","75800","80120","79280","80090","86850","84190","88480","84650","",
"Latvia","LVA","GNI per capita, Atlas method (current US$)","NY.GNP.PCAP.CD","","","","","","","","","","","","","","","","","","","","","","","","","","","","","","","","","","","","","","2640","2790","2910","3240","3520","3850","4530","5610","7120","8590","10730","12830","13360","12250","12470","13430","14340","14810","14580","14300","14360","16010","17010","17350","19310","20630","21000","21630","",
"Macao SAR, China","MAC","GNI per capita, Atlas method (current US$)","NY.GNP.PCAP.CD","","","","","","","","","","","","","","","","","","","","","","","","","4590","4500","5220","6540","7600","8270","9210","10050","12280","13800","15260","16420","16580","16670","15230","14330","14620","15910","16670","18510","23050","24430","25920","33070","32190","35520","45370","54620","60370","67830","68530","57990","59670","66940","72850","71690","43910","46330","45390","65040","","",
"St. Martin (French part)","MAF","GNI per capita, Atlas method (current US$)","NY.GNP.PCAP.CD","","","","","","","","","","","","","","","","","","","","","","","","","","","","","","","","","","","","","","","","","","","","","","","","","","","","","","","","","","","","","","","","","","",
"Morocco","MAR","GNI per capita, Atlas method (current US$)","NY.GNP.PCAP.CD","","","","","","","","","240","250","260","280","310","370","460","560","600","620","670","800","1000","990","970","800","740","700","790","880","1100","1130","1180","1260","1300","1250","1380","1330","1550","1490","1540","1550","1580","1580","1550","1740","2060","2300","2490","2630","2970","3150","3190","3260","3230","3350","3330","3300","3150","3160","3380","3510","3260","3630","3700","3780","3840","",
"Monaco","MCO","GNI per capita, Atlas method (current US$)","NY.GNP.PCAP.CD","","","","","","","","","","","","","","","","","","","","","","","","","","","","","","","","","","","","","","","","","","","","","","","","","","","","","","","","","","","","","","","","","","",
"Moldova","MDA","GNI per capita, Atlas method (current US$)","NY.GNP.PCAP.CD","","","","","","","","","","","","","","","","","","","","","","","","","","","","","","","","","790","800","570","590","600","630","580","510","490","500","590","710","910","1120","1280","1440","1870","1950","2380","2730","3140","3620","3730","3290","3170","3300","3850","4490","4360","5270","5540","6250","6880","",
"Madagascar","MDG","GNI per capita, Atlas method (current US$)","NY.GNP.PCAP.CD","","","130","130","140","140","150","160","170","170","180","180","190","210","260","300","290","300","300","380","480","490","500","460","420","380","380","350","330","290","300","260","280","280","270","270","280","290","290","270","280","290","260","320","330","320","310","360","430","450","450","460","470","490","500","470","450","450","480","500","450","470","500","510","510","",
"Maldives","MDV","GNI per capita, Atlas method (current US$)","NY.GNP.PCAP.CD","","","","","","","","","","","","","160","190","240","210","170","150","150","190","240","270","240","260","370","510","630","670","820","820","920","900","990","1090","1250","1530","1640","1740","1830","1950","2050","2240","2650","3470","3890","3660","4710","4570","5500","5490","6000","6720","6810","7050","7720","8210","8720","9400","10220","10730","7050","9350","10570","11130","11640","",
"Middle East, North Africa, Afghanistan & Pakistan","MEA","GNI per capita, Atlas method (current US$)","NY.GNP.PCAP.CD","","","","","","225.439794496841","236.996540056071","247.76247919444","278.850163262334","306.410200523557","335.403138699659","364.669603408187","429.409052810607","505.734833683991","718.039624610224","958.495294568491","1268.20561738421","1346.81767225857","1456.04613805332","1773.15827703397","2075.83949256932","2265.46091913925","2255.42816334082","2107.99079565242","2026.81408954775","2029.69032130108","2046.33658825928","2072.79037099387","2040.88125828701","1956.12623527658","2120.2642579202","1800.73978542324","1862.28736748437","1732.98209330349","1700.1600013914","1733.49794559388","1844.46224603588","1929.09472494988","1905.62272499769","1890.34255617798","2031.35900696565","2107.8609257755","2096.41605754477","2222.33792263804","2545.15254349791","2889.39331547153","3277.09422413511","3733.86455425668","4300.35840847713","4430.46308571036","4719.58455971","5033.12863604665","5667.24498458546","5959.57804468654","5955.742820913","5553.54115087628","5334.74923055389","5152.22377885002","5383.345713231","5483.88471464394","5035.11937261864","5386.93100893881","6007.61460478878","6293.14071651614","6275.30747739461","",
"Mexico","MEX","GNI per capita, Atlas method (current US$)","NY.GNP.PCAP.CD","","","370","400","450","490","520","560","620","650","690","740","830","1000","1220","1480","1550","1490","1600","1910","2580","3310","3040","2410","2220","2300","2090","2070","2120","2400","2820","3280","3810","4640","5540","5110","4900","4930","5340","5850","6570","7100","7490","7780","8240","8490","9140","9720","10260","9230","9470","9760","10500","10710","10950","10580","9740","9270","9560","9860","8920","9880","10730","12020","12850","",
"Marshall Islands","MHL","GNI per capita, Atlas method (current US$)","NY.GNP.PCAP.CD","","","","","","","","","","","","","520","710","850","860","860","900","990","1110","1120","1240","1270","1410","1470","1390","1800","2060","2270","2170","2210","2240","2500","2690","2890","3210","2790","2630","2690","2810","2940","3100","3100","3200","3400","3610","3540","3730","3630","3730","3820","3860","3860","4350","4560","4980","5060","5310","6040","6770","6610","6720","7580","7980","8500","",
"Middle income","MIC","GNI per capita, Atlas method (current US$)","NY.GNP.PCAP.CD","","","127.35658504356","134.632933338727","148.173109168467","161.798886018299","169.131944516853","169.936523704914","174.970725629534","189.987192695439","203.210383943591","214.471025747658","232.056985729617","277.401832352671","343.715474609369","408.186894835332","429.227185527175","445.02493104027","483.996060840323","556.411971264309","637.019599354678","678.327581484022","665.443376707488","623.048563041171","622.988130972754","634.258876021599","662.292778844613","708.872624132748","750.009772098189","753.535822750329","784.083665629022","779.330109267662","830.807253028932","861.555561959525","920.555634795542","1004.65317777029","1121.96693465161","1208.1598547791","1181.36673580901","1166.57140558872","1201.64725000738","1207.97061135591","1216.93842879444","1314.42291445589","1513.94712960283","1746.10275946415","1999.70825590136","2342.02192132013","2731.82370495626","2973.06703967594","3337.93827325342","3732.67963028196","4222.60120314239","4567.19555862235","4748.50160423989","4698.5226392255","4661.36621586118","4777.27112766957","5124.16795362561","5385.2202459953","5213.56201046739","5766.22541610974","6199.06090917955","6493.45956516633","6524.06350122183","",
"North Macedonia","MKD","GNI per capita, Atlas method (current US$)","NY.GNP.PCAP.CD","","","","","","","","","","","","","","","","","","","","","","","","","","","","","","","","","1710","1440","1390","1780","2160","2220","2010","1910","1920","1820","1850","2120","2610","3070","3430","3730","4540","4860","5010","5140","5090","5400","5630","5550","5440","5390","6050","6520","6460","7050","7570","7940","8300","",
"Mali","MLI","GNI per capita, Atlas method (current US$)","NY.GNP.PCAP.CD","","","","","","","","","","50","60","60","70","80","90","120","130","150","160","210","170","210","210","180","150","160","180","210","260","260","270","290","300","300","270","260","240","270","260","290","280","290","280","330","500","550","590","630","720","770","810","830","830","880","900","890","870","860","930","960","930","960","1000","1010","1030","",
"Malta","MLT","GNI per capita, Atlas method (current US$)","NY.GNP.PCAP.CD","","","","","","","","","","","","","1090","1260","1560","1990","2120","2320","2660","3300","4280","4670","4550","3940","3830","3690","4000","4930","6260","6910","7600","7940","8720","8570","8600","9320","10080","10610","10350","10800","11480","11030","10770","12210","14200","15380","16330","17990","20290","20050","21390","22030","22450","23330","24590","25470","23820","26690","29030","29830","26910","32440","34840","35720","36730","",
"Myanmar","MMR","GNI per capita, Atlas method (current US$)","NY.GNP.PCAP.CD","","","30","30","20","20","10","10","20","20","20","20","20","30","30","40","40","40","30","30","40","40","40","40","40","40","40","40","40","50","50","50","60","70","80","110","130","130","130","150","190","190","170","190","230","280","300","360","490","660","880","1040","1170","1260","1260","1230","1230","1230","1310","1380","1320","1240","1280","1220","1210","",
"Middle East, North Africa, Afghanistan & Pakistan (excluding high income)","MNA","GNI per capita, Atlas method (current US$)","NY.GNP.PCAP.CD","","","","155.015803475085","166.030414626547","184.585219688154","194.094716687191","204.403340375418","228.119649218068","250.216558225485","268.778461854689","287.318196478749","337.488201610621","389.381935989193","515.745694150184","664.786834238894","821.131693866742","858.968186999903","924.394083933926","1076.90902747884","1217.81468644694","1259.27781920909","1347.5507592712","1316.70689394776","1301.47458008174","1388.66719048222","1445.34314073922","1489.94043399176","1436.68614589811","1322.93269577582","1466.23034505862","1101.21693519073","1083.1882164126","952.281083673178","921.347524589935","918.736934948739","992.091102372501","1040.27519551502","1050.65810350959","1070.32194376269","1143.40051087957","1189.23248745152","1183.17190057824","1231.04933631643","1393.40304620817","1572.43144044088","1761.12312322845","2021.76521614283","2335.50898151247","2520.35398360232","2704.3612225001","2816.20200734549","3141.63499760555","3234.89490410201","3165.03494854791","2910.40518520273","2885.22119488001","2826.86041436464","2851.4389264201","2774.5094047982","2507.91151610037","2636.04552340499","2855.3218863702","2940.29885121423","2914.38390322034","",
"Montenegro","MNE","GNI per capita, Atlas method (current US$)","NY.GNP.PCAP.CD","","","","","","","","","","","","","","","","","","","","","","","","","","","","","","","","","","","","","","","","1360","1510","1710","1970","2440","3100","3660","4320","5120","6450","6710","6910","7230","6980","7260","7280","7150","7020","7240","8250","8970","7770","9210","10410","11550","12210","",
"Mongolia","MNG","GNI per capita, Atlas method (current US$)","NY.GNP.PCAP.CD","","","","","","","","","","","","","","","","","","","","","","","","1440","1320","1230","1350","1520","1700","1600","1490","1230","830","540","440","480","570","590","530","480","470","480","530","610","760","890","1110","1400","1790","1780","1990","2570","3630","4310","4180","3770","3460","3200","3650","3800","3690","3690","4340","4870","5380","",
"Northern Mariana Islands","MNP","GNI per capita, Atlas method (current US$)","NY.GNP.PCAP.CD","","","","","","","","","","","","","","","","","","","","","","","","","","","","","","","","","","","","","","","","","","","","","","","","","","","","","","","","","","","","","","","","","","",
"Mozambique","MOZ","GNI per capita, Atlas method (current US$)","NY.GNP.PCAP.CD","","","","","","","","","","","","","","","","","","","","","","","","","","","","","","","","","","230","200","190","220","250","290","330","330","330","300","330","380","420","450","480","530","570","550","570","630","690","710","670","550","480","470","500","480","490","500","540","550","",
"Mauritania","MRT","GNI per capita, Atlas method (current US$)","NY.GNP.PCAP.CD","","","","180","240","280","280","280","300","290","300","290","300","360","500","540","570","580","590","670","740","750","700","670","630","600","640","690","770","800","760","840","940","980","870","900","970","880","840","820","730","660","660","730","820","960","1180","1260","1430","1500","1550","1640","1800","1890","1780","1680","1540","1550","1680","1720","1720","1810","2010","2140","2120","",
"Mauritius","MUS","GNI per capita, Atlas method (current US$)","NY.GNP.PCAP.CD","","","290","330","300","310","300","310","280","290","280","300","350","470","660","790","970","960","1030","1240","1260","1290","1200","1080","1040","1080","1260","1640","2090","2250","2460","2650","3030","3160","3280","3520","3840","3950","3830","3710","3960","4030","4010","4470","5240","5670","5910","6460","7390","7720","8200","8530","9690","10360","10710","10650","10650","11020","12180","12700","10760","10890","11830","12570","12970","",
"Malawi","MWI","GNI per capita, Atlas method (current US$)","NY.GNP.PCAP.CD","","","","","","","","","","","","","","","","","","","","","","","270","260","250","240","230","230","240","240","270","310","290","310","230","230","250","290","290","260","230","210","250","320","440","430","440","480","530","590","650","710","650","590","530","510","490","480","490","540","560","600","610","620","570","",
"Malaysia","MYS","GNI per capita, Atlas method (current US$)","NY.GNP.PCAP.CD","","","250","260","280","320","340","350","360","370","390","420","470","610","790","910","970","1030","1200","1540","1900","2030","1950","1880","2010","1960","1900","1990","2170","2290","2420","2590","2900","3260","3630","4080","4540","4660","3670","3420","3490","3570","3810","4170","4720","5240","5790","6560","7420","7500","8130","8890","9980","10590","10840","10350","9800","9560","10200","10750","10110","10520","11620","11700","11650","",
"North America","NAC","GNI per capita, Atlas method (current US$)","NY.GNP.PCAP.CD","","","3178.92142462881","3301.60499175488","3485.36428026911","3745.58996159841","4053.6298136856","4227.2326830516","4590.09920747758","4914.44006670173","5126.29832832603","5507.47042106637","6157.18270993977","7170.87798343924","7908.83391573558","8462.49719890894","8945.60638458893","9549.66674129898","10666.6558829522","12047.3554403476","13214.6850938731","14172.8854346099","13993.9746688386","14336.9229365687","15909.8696983781","17121.198493288","18665.2408057151","20898.6967769801","23017.2711339821","23384.3011193117","23725.6085346468","23950.8514902306","25260.9912208609","25885.0924081753","26991.1454823997","28233.8763491314","29343.0449442224","30301.6118791085","30944.3115049286","32485.9883412468","34675.1335671728","35386.4138905449","35979.1526573359","38372.580567257","42157.4330093841","45034.5739469721","46883.5527407365","47850.0229029601","48712.0495159282","47456.9799645648","48725.0880243208","50292.6689046782","52467.8057421085","53734.0201492431","55269.1556074816","55527.4433282828","55608.076219021","57320.8102814963","61208.8089314682","63917.7150940239","62767.9227004865","69395.6097837059","74890.689065418","77315.936868197","80242.0713550042","",
"Namibia","NAM","GNI per capita, Atlas method (current US$)","NY.GNP.PCAP.CD","","","","","","","","","","","","","","","","","","","","","","","2170","2010","1820","1440","1470","1770","1860","1990","2090","2240","2390","2270","2320","2500","2530","2520","2370","2230","2210","2060","1970","2240","2840","3480","3990","4200","4310","4260","4520","5160","5730","5900","5690","5180","4580","4430","4670","4870","4240","4140","4280","4290","4240","",
"New Caledonia","NCL","GNI per capita, Atlas method (current US$)","NY.GNP.PCAP.CD","","","","","","","","1790","2120","2500","3300","3580","3960","4090","5260","6170","6070","6190","6560","6460","7460","7480","6820","5680","5270","5310","5960","7820","12880","14100","14290","14700","15530","15360","15810","17140","17580","17110","13920","13070","12630","","","","","","","","","","","","","","","","","","","35130","34890","35420","36980","36710","30070","",
"Niger","NER","GNI per capita, Atlas method (current US$)","NY.GNP.PCAP.CD","","","150","150","150","160","160","160","160","140","140","150","150","150","200","220","210","230","280","340","400","380","350","280","210","210","240","260","320","310","330","350","410","380","290","260","230","230","250","240","220","220","220","240","280","330","350","380","440","480","510","520","550","570","590","560","530","520","580","610","560","600","600","640","680","",
"Nigeria","NGA","GNI per capita, Atlas method (current US$)","NY.GNP.PCAP.CD","","","","","","","","","","","","","","","","","","","","","","","","","","","","","","","","","","","","","","","","","","","","","","","","","1890","1960","2050","2100","2360","2600","2870","2760","2370","2020","1950","2260","2460","2860","2930","2590","1700","",
"Nicaragua","NIC","GNI per capita, Atlas method (current US$)","NY.GNP.PCAP.CD","","","140","150","170","200","230","280","290","300","300","310","330","380","510","560","600","670","640","500","600","660","680","690","710","690","760","860","680","360","310","220","240","290","450","620","880","880","890","930","970","980","980","1020","1100","1180","1220","1310","1420","1410","1490","1600","1700","1760","1850","1910","1980","2050","1990","1930","1810","2060","2150","2360","2510","",
"Netherlands","NLD","GNI per capita, Atlas method (current US$)","NY.GNP.PCAP.CD","","","1300","1390","1550","1800","1950","2130","2370","2630","2910","3230","3770","4970","6240","7480","8180","8910","10250","12500","14530","13720","12100","10840","10510","10120","11450","14420","18190","19140","19910","20840","23050","23550","24860","27120","29260","29410","27840","28150","28140","26900","26440","30410","36800","42280","45500","48840","51930","52780","54000","54270","52070","52460","52220","49670","46960","46710","51290","52940","51490","59560","62110","62550","62520","",
"Norway","NOR","GNI per capita, Atlas method (current US$)","NY.GNP.PCAP.CD","","","1620","1730","1880","2080","2260","2500","2660","2890","3140","3580","4230","5320","6750","8380","9150","9960","11110","13110","15650","16410","15750","14930","15140","15710","17550","20830","23970","25080","26500","27820","30780","30210","30850","32690","35790","37910","36110","35570","36600","38280","39930","44830","54290","64050","70300","78750","87850","88130","88940","90920","99750","104830","105070","93440","81870","76230","80970","82430","78610","81770","94290","101640","98170","",
"Nepal","NPL","GNI per capita, Atlas method (current US$)","NY.GNP.PCAP.CD","","","50","50","50","50","60","70","70","70","70","70","80","80","100","110","110","110","110","120","130","150","150","140","150","160","160","170","200","200","200","200","190","190","190","200","210","210","200","210","220","230","230","250","280","300","330","370","430","480","530","620","750","840","860","870","860","970","1120","1240","1190","1250","1380","1430","1470","",
"Nauru","NRU","GNI per capita, Atlas method (current US$)","NY.GNP.PCAP.CD","","","","","","","","","","","","","3770","4520","5810","7090","7250","7030","7080","7440","7830","7950","7650","7120","6760","6180","5910","5780","6010","6230","6570","5870","5490","5060","5010","4700","4240","4080","3550","3300","3050","2800","2500","2650","3090","3510","3890","3030","3510","4090","5080","7000","9650","11330","12530","12220","11680","11300","12740","15840","17180","19460","22570","22720","20400","",
"New Zealand","NZL","GNI per capita, Atlas method (current US$)","NY.GNP.PCAP.CD","","","2440","2570","2750","2640","2490","2170","2100","2250","2200","2490","3000","3990","4930","4970","4650","4550","5230","6530","7670","8240","7860","7370","7010","6950","7860","10010","12550","13570","13640","12160","12050","12360","13400","15280","16730","17170","15790","15040","14070","13800","14170","16990","21530","25450","26380","28150","28680","29770","29750","32250","36780","39970","41720","40670","39460","38840","41660","43130","41850","45800","49160","49020","47580","",
"OECD members","OED","GNI per capita, Atlas method (current US$)","NY.GNP.PCAP.CD","","","1475.2194854864","1562.32493050182","1680.52558812722","1813.69232214382","1963.55520841124","2075.68003008988","2258.11026505726","2442.28053947892","2594.74566556403","2826.24730284178","3241.87740740192","3959.48012697271","4628.79193441241","5173.99771831423","5459.25369774568","5832.26737605356","6639.09236253344","7934.03419211599","9147.44303411589","9517.79236509579","9032.38081007021","8630.73070019338","8935.16460264883","9354.84914626834","10484.8132704346","12531.6369892429","15210.8947972954","16037.3154477813","16793.1597887048","17431.6243274332","18896.831795966","19393.1313343988","20354.6162221916","21650.4741628986","22644.1063694578","22770.6503682091","21940.6423930733","22199.8911154557","23147.2473560356","23117.8677917116","22981.5297569994","24724.3748502038","28198.8656647625","31060.6876351976","32573.7768364636","33844.6141502303","35282.6720238205","34659.1474731827","35611.3221357288","36736.1417732734","37833.2286339622","38519.3053698655","38651.0889396006","37508.8822773081","36658.2411802322","36833.2008188117","39251.2785293518","40558.3589704264","39105.7814005568","43126.8643739301","45728.4858316314","46413.7495361329","47119.1916020071","",
"Oman","OMN","GNI per capita, Atlas method (current US$)","NY.GNP.PCAP.CD","","","100","110","110","110","110","170","250","300","350","360","400","340","790","1720","3150","3110","3040","3530","4570","6320","7170","7090","7250","7420","6550","5820","5500","5880","6110","6710","7610","7370","7270","7460","7680","8000","7460","7270","8070","8940","9210","9640","11050","12590","14850","17290","21190","22010","22510","20820","21960","22920","22060","20560","18550","16640","17250","17860","17190","17910","19270","19950","19520","",
"Other small states","OSS","GNI per capita, Atlas method (current US$)","NY.GNP.PCAP.CD","","","","","","","","","","","","","","","","","","","","","","","","","","","","","","3214.5488538647","3388.75618301209","3530.88166392638","3894.37789936986","3936.36646941951","4038.38608352565","4291.35324582192","4593.47922984349","4792.7404954411","4680.90203350161","4636.07269096075","4819.28134541616","4790.91789670735","4819.04381175851","5418.33198322392","6562.44985934142","7803.64239517473","8668.44473323062","9685.79290127198","10504.8420516412","10173.3302126347","10166.1888683573","10715.6226753035","11053.0805393343","11436.3223250915","11365.0384162627","11107.4991078394","10818.8398037359","11084.6230848943","12224.7405967948","12992.0841338095","11924.597971825","12928.5803679641","13874.0652067981","14621.3831805793","14976.0670271432","",
"Pakistan","PAK","GNI per capita, Atlas method (current US$)","NY.GNP.PCAP.CD","","","90","100","100","110","120","130","140","150","170","170","170","150","140","150","180","200","230","260","300","330","340","330","320","320","330","350","370","370","370","370","400","400","400","430","440","430","410","410","470","530","600","640","740","830","890","940","1000","1020","1000","1020","1110","1210","1250","1280","1360","1450","1560","1520","1370","1420","1510","1450","1430","",
"Panama","PAN","GNI per capita, Atlas method (current US$)","NY.GNP.PCAP.CD","","","500","530","550","590","630","670","710","770","820","900","960","1100","1230","1380","1360","1570","1810","2040","2280","2500","2660","2570","2590","2860","2930","3290","2770","2570","2660","2750","3030","3260","3430","3430","3500","3490","3510","3620","3810","3770","3890","4030","4490","4880","5270","5990","6770","7120","7500","8860","9870","10950","11520","12570","13180","14230","14910","15640","13070","14920","17020","17920","18010","",
"Peru","PER","GNI per capita, Atlas method (current US$)","NY.GNP.PCAP.CD","","","290","300","330","380","450","480","470","470","500","560","630","740","930","1090","1080","1030","880","910","1030","1180","1140","930","890","820","920","1240","1010","910","840","1220","1420","1550","1760","1950","2150","2270","2150","2030","1960","1890","1940","2060","2270","2520","2790","3190","3770","3950","4400","4960","5780","6410","6520","6340","6130","6090","6500","6850","6080","6550","6920","7080","7500","",
"Philippines","PHL","GNI per capita, Atlas method (current US$)","NY.GNP.PCAP.CD","","","230","210","180","200","210","220","240","260","240","240","240","290","350","420","470","500","560","660","780","840","830","760","650","580","610","680","740","790","820","820","870","920","1040","1150","1310","1380","1300","1230","1150","1140","1110","1150","1260","1350","1470","1680","1970","2130","2310","2450","2780","3060","3220","3280","3350","3440","3610","3760","3350","3570","4010","4320","4470","",
"Palau","PLW","GNI per capita, Atlas method (current US$)","NY.GNP.PCAP.CD","","","","","","","","","","","","","1260","1420","1610","1780","1840","1980","2200","2520","2860","3020","3020","3090","3420","3850","4470","5270","6040","6490","7020","7580","7380","6560","7120","8010","8770","8780","8690","8250","6860","7520","7740","7790","8370","9010","9440","9970","10000","10090","10080","10860","11320","11740","12740","14190","15000","15700","16040","16200","15360","13770","14100","14780","","",
"Papua New Guinea","PNG","GNI per capita, Atlas method (current US$)","NY.GNP.PCAP.CD","","","130","130","140","150","170","180","200","220","250","270","300","390","490","550","520","530","640","730","810","820","750","710","700","710","750","810","940","950","880","920","970","1120","1160","1060","1030","930","770","670","600","530","490","480","540","650","780","1040","1360","1460","1660","1730","2150","2340","2790","2520","2410","2310","2310","2420","2410","2370","2690","2800","2900","",
"Poland","POL","GNI per capita, Atlas method (current US$)","NY.GNP.PCAP.CD","","","","","","","","","","","","","","","","","","","","","","","","","","","","","","","","","2080","2480","2750","3300","3880","4270","4390","4460","4690","4720","4890","5510","6290","7340","8450","9940","11980","12520","12730","12900","13170","13290","13540","13320","12740","12780","14310","15510","15640","17470","19110","19890","21590","",
"Pre-demographic dividend","PRE","GNI per capita, Atlas method (current US$)","NY.GNP.PCAP.CD","","","","","","","","","","","","","","","","","","","","","","","","","","","","","","","","","","","","","","","","","","","","","","","","","1190.20211334791","1262.36390293551","1324.05084367603","1371.22725527543","1531.77814567234","1661.52620997782","1756.12623972759","1641.43575295222","1460.37191740731","1313.76027576184","1339.51354195247","1460.61888982429","1440.99756461079","1556.83949761636","1655.75925358795","1628.09855954052","1453.70309167177","",
"Puerto Rico (US)","PRI","GNI per capita, Atlas method (current US$)","NY.GNP.PCAP.CD","","","820","900","960","1060","1160","1240","1370","1560","1750","1910","2100","2380","2590","2660","2650","2740","2980","3390","3720","3890","3770","3670","3970","4280","4750","5350","5860","6050","5950","6300","6760","7100","7370","7820","8130","8510","8690","9590","10550","10950","11250","12170","14260","14750","15030","15860","16360","16580","16910","17600","18550","18960","19010","19080","19290","19500","20380","21310","21200","22580","24670","25290","25860","",
"Korea, Dem. People's Rep.","PRK","GNI per capita, Atlas method (current US$)","NY.GNP.PCAP.CD","","","","","","","","","","","","","","","","","","","","","","","","","","","","","","","","","","","","","","","","","","","","","","","","","","","","","","","","","","","","","","","","","","",
"Portugal","PRT","GNI per capita, Atlas method (current US$)","NY.GNP.PCAP.CD","","","430","460","500","550","600","670","770","840","960","1080","1270","1700","2070","2210","2330","2430","2530","2870","3350","3420","3230","2830","2520","2530","3080","4160","5630","6320","7130","8180","9860","10100","10450","11210","12100","12370","12190","12260","12180","11850","11780","13290","16190","18600","19410","20860","22630","22970","23030","22750","21220","21380","21210","20450","19950","20030","22040","23250","21910","23980","25880","26340","26910","",
"Paraguay","PRY","GNI per capita, Atlas method (current US$)","NY.GNP.PCAP.CD","","","170","180","190","210","210","230","230","240","250","270","300","370","490","590","650","730","870","1120","1500","1810","1720","1610","1450","1190","1070","1050","1150","1190","1240","1320","1490","1690","1620","1750","1920","1920","1800","1670","1500","1470","1400","1300","1440","1620","1980","2500","3320","3740","4410","4840","5170","5970","6290","6100","5880","5820","6060","5950","5550","5740","5930","6210","6300","",
"West Bank and Gaza","PSE","GNI per capita, Atlas method (current US$)","NY.GNP.PCAP.CD","","","","","","","","","","","","","","","","","","","","","","","","","","","","","","","","","","","","","1470","1630","1780","1800","1550","1370","1190","1370","1640","1780","1710","1790","2040","2250","2510","2880","3210","3470","3560","3670","3900","3930","4190","4200","3700","4270","4720","4310","2710","",
"Pacific island small states","PSS","GNI per capita, Atlas method (current US$)","NY.GNP.PCAP.CD","","","","","","","","","","","","","449.283403614841","597.603880973606","756.437500970585","883.342741062314","942.967396208103","972.651426367593","1021.74179211646","1210.76869712563","1324.02573593471","1419.499172271","1288.5074994229","1176.78566358206","1200.64172133108","1161.06918635381","1271.49410607783","1281.2755550415","1347.44741193087","1362.98352735648","1399.45177096441","1412.35740477235","1544.88422134897","1615.14823033243","1716.21047125709","1904.34977381314","2050.40215976919","2011.84324093269","1880.10054963839","1870.87312410968","1775.89378104693","1722.28848069633","1687.70292125937","1822.00219926429","2151.74509067243","2478.15736993768","2557.69572918095","2681.58888928748","2875.641931834","2880.24865309001","2890.12128524365","3028.77849635344","3251.65544950585","3604.28917005635","3729.91232156859","3774.57540135874","3815.81230921428","3866.39875047873","4156.97947062088","4265.85330660575","3804.69427176154","3727.98133895146","4096.14722510116","4323.44069855523","4380.52307042885","",
"Post-demographic dividend","PST","GNI per capita, Atlas method (current US$)","NY.GNP.PCAP.CD","","","1545.81780647772","1639.68524191562","1766.50670086542","1910.62610950205","2072.62061456603","2195.87758931895","2392.91523678466","2595.12371219961","2763.27047921231","3018.02401542429","3472.92813632771","4255.25671650387","4973.84434627268","5566.8678481364","5887.113358179","6315.15798145242","7212.60468226015","8632.47712117336","9953.50701262446","10331.1080458738","9852.28458947456","9481.70787387915","9875.97742687234","10370.7941110321","11694.8172663401","14045.9098009711","17131.0192059927","18087.612270773","18920.7704708584","19623.4891882576","21269.4712733748","21784.1512895186","22876.4159386663","24416.0502155537","25578.4682187553","25708.3162954529","24733.4012424626","25064.0380422109","26126.3972260263","26137.5913198592","25984.3850745833","28029.0216286273","32028.6210781888","35290.379314414","36962.4631749861","38317.9664000246","39907.051280871","39310.2547031419","40451.583508417","41782.3738916668","43001.5591812889","43800.4418294632","43958.9793461262","42702.7135237272","41927.2877057081","42321.1603156409","45263.6334329166","46932.5010235189","45399.8000983099","50140.1323406413","53270.1003077094","54081.6584582533","54750.9501669972","",
"French Polynesia","PYF","GNI per capita, Atlas method (current US$)","NY.GNP.PCAP.CD","","","","","","","","2040","2450","2360","2330","2560","2580","3240","4480","4990","5480","5790","6640","7830","8860","8870","8060","7350","7310","7430","9740","12330","14340","14790","15190","16110","21490","21190","21230","22180","22970","21960","20520","19810","19380","","","","","24320","25170","25940","27720","27530","26220","25270","24050","24290","23990","23060","22170","22220","23700","24530","22170","23460","24150","24370","23930","",
"Qatar","QAT","GNI per capita, Atlas method (current US$)","NY.GNP.PCAP.CD","","","","","","","","","","","","","2780","3620","6390","9820","14240","12620","15150","18600","25440","29520","27630","23190","21080","19160","18380","16780","16470","16690","17040","16270","17900","16400","15860","16060","17000","21470","19860","19050","19620","23090","25590","28090","35220","40110","53410","58500","66030","63010","72630","83540","92500","96800","92440","80370","69170","60920","63410","65700","57730","66970","71050","80200","77290","",
"Romania","ROU","GNI per capita, Atlas method (current US$)","NY.GNP.PCAP.CD","","","","","","","","","","","","","","","","","","","","","","","","","","","","","","","","","1240","1190","1270","1490","1640","1590","1580","1610","1710","1760","1950","2250","2960","3880","4900","6510","8800","9220","8770","9080","9260","9390","9760","9610","9460","10030","11490","12660","12720","14180","15390","16590","17600","",
"Russian Federation","RUS","GNI per capita, Atlas method (current US$)","NY.GNP.PCAP.CD","","","","","","","","","","","","","","","","","","","","","","","","","","","","","","","","3440","3090","2920","2650","2640","2600","2650","2130","1750","1710","1780","2100","2590","3410","4450","5810","7560","9580","9230","9980","11060","13470","15160","14590","11740","9680","9160","10180","11190","10660","11710","12890","14460","15320","",
"Rwanda","RWA","GNI per capita, Atlas method (current US$)","NY.GNP.PCAP.CD","","","40","40","30","40","40","40","40","50","50","60","60","70","80","90","120","150","170","220","260","270","260","250","240","250","290","320","360","350","340","300","300","250","130","220","200","220","230","250","270","260","260","250","270","310","350","400","470","540","590","640","690","710","720","740","730","720","770","820","770","840","940","1000","1040","",
"South Asia","SAS","GNI per capita, Atlas method (current US$)","NY.GNP.PCAP.CD","","","88.2896008972145","95.59178949827","106.620172945808","110.715098285063","105.121965263016","105.467414692446","101.266381422043","108.673041192211","114.301146249685","118.311126892905","123.174406265454","143.454835406131","168.44116672896","193.020055647531","183.895313052327","185.156480938582","202.610792034245","220.147282553138","264.709689690048","290.281405102314","282.412494431984","276.70784415403","274.701969743915","285.304048134842","305.393560610513","342.317211961996","381.050333591779","378.082593658243","374.703839753615","343.453315853273","342.51470355373","325.77801649148","340.998552703129","366.04481461552","399.263108734369","408.986311309813","412.897595514065","435.540909708776","441.091004990826","448.473051383257","453.338091782209","507.679272155091","593.180139270559","682.581846117652","757.718041670463","873.526679919963","953.893213723477","1067.16287968703","1170.70869888607","1310.14798503357","1424.79537220007","1466.60431213018","1513.53140298836","1561.6737212224","1664.04598955698","1800.11474991625","1998.71985787588","2105.40954764716","1957.0045248745","2222.5019283554","2438.08552001232","2603.015040151","2662.20844152326","",
"Saudi Arabia","SAU","GNI per capita, Atlas method (current US$)","NY.GNP.PCAP.CD","","","680","690","740","790","870","860","990","1090","1490","1890","2320","2970","5530","7830","12790","13920","14920","19080","23500","27500","24190","20100","17310","14800","13510","11990","11640","10820","11230","12160","12720","11970","11180","11020","11280","11440","10780","10250","10450","10540","10310","11140","12880","14620","16250","17870","20540","19810","21820","24110","27610","28620","29080","26580","23940","23130","26570","29140","26940","30480","35110","36330","35630","",
"Sudan","SDN","GNI per capita, Atlas method (current US$)","NY.GNP.PCAP.CD","","","110","110","110","110","110","110","120","120","130","140","150","170","230","290","340","370","380","410","450","480","440","380","340","320","380","460","530","640","750","1030","510","360","310","390","390","400","340","330","330","370","420","510","620","750","920","1160","1350","1310","1230","1250","1120","1060","1130","1180","1140","1010","810","720","600","620","720","660","710","",
"Senegal","SEN","GNI per capita, Atlas method (current US$)","NY.GNP.PCAP.CD","","","","","","","","","320","300","310","300","330","360","430","530","570","560","560","680","800","800","740","580","540","540","620","800","920","920","900","910","960","910","760","720","690","700","680","670","650","640","610","710","850","980","1020","1090","1240","1330","1340","1310","1320","1350","1370","1310","1270","1270","1390","1430","1440","1530","1600","1630","1680","",
"Singapore","SGP","GNI per capita, Atlas method (current US$)","NY.GNP.PCAP.CD","","","490","530","510","540","590","660","750","850","970","1090","1280","1600","2090","2660","2930","3020","3370","3990","4730","5380","5680","6170","6930","7100","7330","8080","9320","10320","11450","12970","15270","17710","20780","23630","25610","27730","24010","23360","23680","22130","22000","23440","26170","28830","32550","36010","37230","37320","44930","48250","51710","54470","56380","53160","53470","55230","56360","58430","55780","65010","66910","69850","74750","",
"Solomon Islands","SLB","GNI per capita, Atlas method (current US$)","NY.GNP.PCAP.CD","","","","","","","","","","","","","","","","","","","","","","","730","690","640","590","550","570","570","560","600","620","750","800","940","1120","1230","1220","1150","1080","920","870","790","870","980","1130","1190","1260","1380","1460","1600","1690","1820","2090","2090","2010","2000","2020","2150","2210","2170","2120","2010","1980","1910","",
"Sierra Leone","SLE","GNI per capita, Atlas method (current US$)","NY.GNP.PCAP.CD","","","","","160","160","160","150","140","150","160","170","170","190","230","250","230","220","250","320","380","370","370","310","310","250","180","180","180","210","190","180","140","160","170","190","210","200","170","160","150","170","260","420","410","440","440","480","580","650","690","710","830","970","970","950","930","840","830","850","840","890","920","870","820","",
"El Salvador","SLV","GNI per capita, Atlas method (current US$)","NY.GNP.PCAP.CD","","","","","","","","300","300","300","310","320","350","390","440","490","530","620","720","780","740","760","710","690","710","730","760","820","850","840","880","910","1020","1130","1260","1440","1560","1660","1730","1790","1890","1940","1990","2120","2280","2430","2600","2730","2910","2870","2940","3120","3280","3410","3480","3520","3600","3700","3940","4130","3800","4380","4710","4950","5120","",
"San Marino","SMR","GNI per capita, Atlas method (current US$)","NY.GNP.PCAP.CD","","","","","","","","","","","","","","","","","","","","","","","","","","","","","","","","","","","","","","","","","","","","","","","","","","","","","","","","","","40010","41800","43770","40540","48160","53880","53890","","",
"Somalia, Fed. Rep.","SOM","GNI per capita, Atlas method (current US$)","NY.GNP.PCAP.CD","","","70","70","70","70","80","80","80","80","80","90","110","120","110","170","180","170","140","110","110","120","120","110","110","120","130","150","160","160","160","140","120","130","130","190","230","240","270","320","370","320","270","260","310","390","450","480","510","380","290","250","280","340","410","440","450","500","510","520","500","540","570","600","620","",
"Serbia","SRB","GNI per capita, Atlas method (current US$)","NY.GNP.PCAP.CD","","","","","","","","","","","","","","","","","","","","","","","","","","","","","","","","","","","","","","3210","3250","2800","1720","1630","1610","2510","3340","3940","4280","5000","6250","6680","6500","6380","6310","6630","6450","6210","5920","5810","6700","7380","7790","8890","9790","10750","11610","",
"Sub-Saharan Africa (excluding high income)","SSA","GNI per capita, Atlas method (current US$)","NY.GNP.PCAP.CD","","","","","","","","","","","","","","","","","","","","","","","","","","675.782150637409","639.96110640942","681.661437100813","767.212283135298","793.137010371435","790.019924705021","823.180586472386","794.936867192638","783.220102681055","756.04802832068","786.058525638178","792.168727101192","805.508726347184","754.73202295284","732.765638404218","715.980303493639","687.187195129031","675.122052237501","739.673048359096","902.762178113019","1116.76986505505","1254.19979466998","1380.33233509466","1502.12338033094","1537.55206960727","1605.45717542187","1701.27231827124","1846.48668770897","1928.39192724252","1979.40180651913","1858.82908086925","1656.44314987725","1545.23538381744","1594.72677108945","1708.8440557845","1671.92298752264","1815.33773974627","1900.17211934067","1850.1190870221","1652.17079684644","",
"South Sudan","SSD","GNI per capita, Atlas method (current US$)","NY.GNP.PCAP.CD","","","","","","","","","","","","","","","","","","","","","","","","","","","","","","","","","","","","","","","","","","","","","","","","","","","","770","800","1080","1170","1050","","","","","","","","","","",
"Sub-Saharan Africa","SSF","GNI per capita, Atlas method (current US$)","NY.GNP.PCAP.CD","","","","","","","","","","","","","","","","","","","","","","","","","","636.113734914677","608.336454508141","652.543193708507","728.396417715207","749.202310219109","746.160517827373","773.901700323798","744.547124249333","732.621843196184","701.395060850035","725.460674833388","730.81700751298","741.968713207152","693.88391978746","673.5253604614","658.232685163568","632.178597470251","619.903192720048","676.968150676933","825.437141711508","1019.96092890153","1145.59308292573","1262.68932335033","1378.52614563915","1416.19056451557","1481.01428111586","1568.14931457104","1700.65821008651","1779.80158940554","1833.60779624752","1729.55753080883","1552.78017531747","1457.86889981012","1508.44087158728","1616.74480693695","1586.80149319281","1721.62514917612","1805.67572711322","1767.64543143025","1597.37591752611","",
"Small states","SST","GNI per capita, Atlas method (current US$)","NY.GNP.PCAP.CD","","","","","","","","","","","","","","","","","","1337.78079940994","1531.46108432212","1848.09803520387","2219.93404052541","2453.38202722928","2498.35935283786","2283.63608840829","2299.93333165137","2327.02691586602","2428.81716628419","2681.60285418203","3034.2772622643","3092.98675701813","3178.82397816567","3269.82925078181","3574.08975019724","3588.16560203439","3672.47917659616","3938.24869579623","4228.4969908367","4361.55921854629","4358.7362601409","4491.64498772983","4704.73984929224","4734.78701964197","4829.89923786156","5378.7285657093","6354.18865053068","7395.71180333721","8198.17894575883","9103.73677352821","9967.07468581905","9656.12176251793","9702.50698846023","9985.55936062455","10540.1877866106","10990.270165728","11021.7344049576","10844.7507010416","10420.2082212228","10548.7698951725","11363.9051640158","11957.0818805841","10857.5003168094","11704.4736789018","12728.2754308412","13788.8737128494","14172.7462693778","",
"Sao Tome and Principe","STP","GNI per capita, Atlas method (current US$)","NY.GNP.PCAP.CD","","","","","","","","","","","","","550","650","780","870","750","740","680","770","860","810","820","730","670","750","750","900","980","890","820","800","780","780","820","830","840","710","590","510","480","510","520","600","690","800","910","940","1000","1070","1090","1140","1160","1320","1430","1400","1420","1440","1660","1810","2030","2220","2430","2590","2850","",
"Suriname","SUR","GNI per capita, Atlas method (current US$)","NY.GNP.PCAP.CD","","","290","250","260","380","460","510","520","530","560","580","640","710","900","1220","1310","1530","1810","2060","2200","2530","2410","2210","2230","2260","2340","2420","2890","2170","1400","1130","1050","990","1130","1360","1660","1860","2070","1950","1950","1640","1870","2120","2710","3190","3880","4860","6090","6700","7330","7620","8220","8610","8900","8550","6660","5700","5730","6000","4710","4490","5040","5210","5690","",
"Slovak Republic","SVK","GNI per capita, Atlas method (current US$)","NY.GNP.PCAP.CD","","","","","","","","","","","","","","","","","","","","","","","","","","","","","","","","","2390","3000","3530","4280","5060","5440","5450","5380","5520","5700","6020","6920","9010","11310","12950","14940","17250","17120","17600","17560","17830","18280","18380","17800","16900","16710","18460","19230","19420","21010","21890","22710","23560","",
"Slovenia","SVN","GNI per capita, Atlas method (current US$)","NY.GNP.PCAP.CD","","","","","","","","","","","","","","","","","","","","","","","","","","","","","","","","","7120","6900","7610","9410","10510","11230","10970","11270","11200","10840","10780","12510","15490","18180","19710","21710","24530","24260","24370","24340","23010","23040","23400","22080","21610","22040","24510","25900","25380","28320","29590","31020","31790","",
"Sweden","SWE","GNI per capita, Atlas method (current US$)","NY.GNP.PCAP.CD","","","2410","2600","2860","3090","3330","3610","3940","4280","4690","4990","5670","7050","8580","10160","10720","11290","12460","14790","17300","17530","15760","13550","13020","13080","15330","19360","24190","26090","27760","29110","31340","28200","27700","28090","30400","31400","31100","31310","31600","29710","29130","32690","39690","45690","49090","52180","55370","52390","54380","56450","58840","61530","61350","57900","53850","52240","54930","56100","54590","59840","61920","60300","58190","",
"Eswatini","SWZ","GNI per capita, Atlas method (current US$)","NY.GNP.PCAP.CD","","","","","","","","","","","","","290","360","460","","","","","","","","","","","","","","","","1220","1260","1440","1450","1470","1740","1840","1870","1670","1670","1600","1620","1470","1600","2020","2880","3090","3250","3160","3120","3260","3620","4010","4120","3890","3540","3270","3290","3460","3680","3430","3620","3650","3750","3590","",
"Sint Maarten (Dutch part)","SXM","GNI per capita, Atlas method (current US$)","NY.GNP.PCAP.CD","","","","","","","","","","","","","","","","","","","","","","","","","","","","","","","","","","","","","","","","","","","","","","","","","","","","26550","26910","27400","29620","31890","35260","32950","31140","34060","29440","31430","36960","38260","38950","",
"Seychelles","SYC","GNI per capita, Atlas method (current US$)","NY.GNP.PCAP.CD","","","290","310","330","320","360","350","350","330","350","410","480","630","770","870","910","870","1170","1760","2150","2460","2460","2340","2380","2640","2930","3440","4250","4820","5370","5550","6400","6850","6900","6910","7430","7940","7520","7630","7920","7860","7330","8000","9870","11850","13380","12890","11520","10310","10160","11150","12540","12350","13340","14750","15630","16180","17620","18700","15400","14950","14700","16400","17460","",
"Syrian Arab Republic","SYR","GNI per capita, Atlas method (current US$)","NY.GNP.PCAP.CD","","","230","210","230","250","230","260","280","340","340","380","470","460","660","890","1010","980","1090","1180","1470","1630","1630","1610","1510","1600","1370","1170","1130","800","810","900","1010","990","890","830","810","820","860","820","890","980","1060","1150","1280","1390","1520","1670","1950","2250","2480","2600","1980","1270","1070","900","750","720","810","970","790","700","710","","","",
"Turks and Caicos Islands","TCA","GNI per capita, Atlas method (current US$)","NY.GNP.PCAP.CD","","","","","","","","","","","","","","","","","","","","","","","","","","","","","","","","","","","","","","","","","","","","","","","","","","","","","","","25350","26940","28810","41130","36690","31510","20840","27480","31590","36060","36760","",
"Chad","TCD","GNI per capita, Atlas method (current US$)","NY.GNP.PCAP.CD","","","110","110","110","120","120","130","130","140","140","130","140","160","180","220","220","230","240","220","240","230","210","190","180","210","200","210","270","270","270","290","320","240","220","200","200","210","210","190","180","180","190","210","330","510","630","820","910","1020","1150","1190","1310","1310","1260","1130","940","830","890","920","890","890","950","960","940","",
"East Asia & Pacific (IDA & IBRD countries)","TEA","GNI per capita, Atlas method (current US$)","NY.GNP.PCAP.CD","","","73.528232524347","79.7833981974086","88.213411521377","99.7631814730265","107.793498189024","101.811066875297","98.8511745551252","110.833346125148","123.938799069562","127.379431498011","134.476494120506","162.364091844776","190.291348538697","221.546565043588","217.118202540461","230.672270184093","244.774747317581","270.287365759991","298.884705552655","316.330027503059","316.001802747442","311.582403156189","329.58243841872","352.082271303592","373.866902146866","390.747220225782","410.916588583839","413.030389263344","428.75781999472","459.504819073809","510.477533609345","554.490405751398","621.986350781872","715.806850777441","832.946744890878","901.95632049431","846.02138280367","869.683497382009","927.510948737803","999.809110305644","1083.09850254216","1232.33519671144","1449.90977528846","1670.47193263253","1932.00647436981","2316.66971280673","2824.14326750494","3284.48759271887","3840.75374776342","4437.83088338505","5185.67112650111","5828.1808211777","6342.57097004381","6602.70170017327","6816.02978470706","7162.81713408952","7860.73593786578","8469.13497211207","8555.34095839363","9603.33863861161","10351.2316536137","10784.2484099491","10749.511363955","",
"Europe & Central Asia (IDA & IBRD countries)","TEC","GNI per capita, Atlas method (current US$)","NY.GNP.PCAP.CD","","","","","","","","","","","","","","","","","","","","","","","","","","","","","","","","2299.35530360439","2165.66342714887","2132.77410610214","1958.08234822201","2087.06811395931","2200.55178646533","2391.59544763621","2213.7107933999","2041.53618143232","2065.8906336028","1996.98344228275","2156.40750974842","2524.20894275957","3233.80220970833","4096.29091598482","5009.60133865229","6181.72411042442","7533.22689685854","7499.03125524254","7971.71305209399","8571.19673143689","9679.52458166132","10540.6425631156","10465.7478382454","9259.57162150137","8188.87356135866","7942.63189535028","8483.74757852877","8956.31106398099","8665.82552839754","9533.97028275172","10378.3617597058","11495.4210144666","12407.3884339644","",
"Togo","TGO","GNI per capita, Atlas method (current US$)","NY.GNP.PCAP.CD","","","110","120","130","140","160","160","170","180","170","170","190","230","300","350","350","380","440","460","560","520","420","330","310","310","340","410","530","540","540","530","550","460","430","420","420","480","440","430","420","400","410","470","530","550","560","570","640","710","740","800","790","830","850","840","800","770","830","860","870","930","1000","1050","1080","",
"Thailand","THA","GNI per capita, Atlas method (current US$)","NY.GNP.PCAP.CD","","","120","120","130","140","160","170","190","200","210","220","220","270","340","400","430","470","550","630","740","790","790","790","820","820","860","990","1200","1370","1540","1710","1930","2170","2420","2750","2960","2680","2080","1980","1980","1960","1980","2170","2520","2770","3070","3480","3900","4060","4490","4840","5400","5580","5620","5560","5550","5800","6430","7060","6900","7090","7210","7190","7100","",
"Tajikistan","TJK","GNI per capita, Atlas method (current US$)","NY.GNP.PCAP.CD","","","","","","","","","","","","","","","","","","","","","","","","","","","","","","","","","340","290","210","210","170","160","170","170","170","160","170","210","260","370","460","570","730","790","910","1000","1130","1300","1320","1230","1090","1000","1000","1050","1030","1130","1360","1400","1650","",
"Turkmenistan","TKM","GNI per capita, Atlas method (current US$)","NY.GNP.PCAP.CD","","","","","","","","","","","","","","","","","","","","","","","","","","","","","","","1040","900","750","800","680","610","610","550","560","620","590","630","720","940","1240","1500","1770","2160","2800","3260","3720","4300","5040","5880","6480","6300","6080","5650","5930","6230","6300","6260","6260","6270","6510","",
"Latin America & the Caribbean (IDA & IBRD countries)","TLA","GNI per capita, Atlas method (current US$)","NY.GNP.PCAP.CD","","","388.366180816243","395.26145546941","427.681649761517","455.914913072697","480.111710744702","493.776867915766","527.273458256143","560.033010372814","595.129567998915","652.435662732886","716.952137784796","868.113941466467","1109.99878283522","1287.19253262773","1369.55088333439","1408.24107681136","1559.14016857805","1836.88252322798","2140.49597718673","2303.47204316262","2186.61811708605","1908.60920538173","1848.81885952147","1783.32613676496","1846.14591967168","1965.06377143104","2101.74473111847","2143.46834860939","2206.44944472598","2408.43755117645","2684.31910204838","2962.4745512143","3334.76822592501","3609.5305361978","4004.72947328253","4347.8368439324","4354.66150525303","4129.02320463162","4185.59211238986","4061.21930321964","3806.83341672735","3789.99187538015","4094.50669423528","4589.54761704392","5294.6299654769","6190.96809839714","7148.51229431549","7310.50530663917","8123.98249059715","8961.36368658417","9902.92485901963","10252.959841308","9986.6005509414","9033.78918747428","8225.11140138931","8073.56627462221","8381.28153808224","8456.50032672419","7377.66512258763","7860.67892697172","8463.40688538706","9227.27754676829","9756.96201523275","",
"Timor-Leste","TLS","GNI per capita, Atlas method (current US$)","NY.GNP.PCAP.CD","","","","","","","","","","","","","","","","","","","","","","","","","","","","","","","","","450","510","570","620","670","690","660","500","660","710","790","690","820","970","1360","1900","3040","2370","2870","3740","3570","3190","2700","2180","1730","1780","1790","2180","2040","2050","1820","1900","1650","",
"Middle East, North Africa, Afghanistan & Pakistan (IDA & IBRD)","TMN","GNI per capita, Atlas method (current US$)","NY.GNP.PCAP.CD","","","144.321124268404","153.608389806298","164.522997513315","182.909340484735","192.332499215288","202.547529233967","226.048513854892","247.94480143483","266.338178524799","284.709587885624","334.424091388611","385.846674120374","511.063155187751","658.751126547402","813.676505789689","851.169475253517","916.001359838002","1067.13159542781","1206.7579490219","1247.84463126423","1335.31612695974","1304.7522981015","1289.65828088822","1376.05925541065","1432.2206355058","1476.41302268614","1423.64223892756","1310.92157486311","1460.91675695481","1097.32789336103","1079.46778402256","949.108361582815","918.381959388058","915.890878920656","989.144568750635","1036.5630397245","1046.04679467276","1065.65293886821","1140.78263941811","1188.10446415154","1183.11961701497","1230.14528819146","1391.79772007011","1571.06375317832","1761.45508364353","2023.26385338492","2337.45831379356","2522.14112835916","2705.64396854348","2815.79828706607","3141.21439486701","3233.31951802508","3162.38141622472","2905.27381122492","2878.31175107166","2819.32796676439","2842.23446233848","2764.6585640229","2499.59951706581","2624.57528563681","2842.09621873145","2930.52064308807","2915.88188847978","",
"Tonga","TON","GNI per capita, Atlas method (current US$)","NY.GNP.PCAP.CD","","","","","","","","","","","","","","","","","","","","","","","","660","660","690","740","830","1020","1100","1170","1280","1380","1460","1740","1980","2240","2200","2130","2050","2010","1920","1890","1870","2050","2290","2560","2720","3130","3090","3270","3660","4130","4330","4360","4220","4280","4450","4650","4980","5210","5240","5390","5910","","",
"South Asia (IDA & IBRD)","TSA","GNI per capita, Atlas method (current US$)","NY.GNP.PCAP.CD","","","88.2896008972145","95.59178949827","106.620172945808","110.715098285063","105.121965263016","105.467414692446","101.266381422043","108.673041192211","114.301146249685","118.311126892905","123.174406265454","143.454835406131","168.44116672896","193.020055647531","183.895313052327","185.156480938582","202.610792034245","220.147282553138","264.709689690048","290.281405102314","282.412494431984","276.70784415403","274.701969743915","285.304048134842","305.393560610513","342.317211961996","381.050333591779","378.082593658243","374.703839753615","343.453315853273","342.51470355373","325.77801649148","340.998552703129","366.04481461552","399.263108734369","408.986311309813","412.897595514065","435.540909708776","441.091004990826","448.473051383257","453.338091782209","507.679272155091","593.180139270559","682.581846117652","757.718041670463","873.526679919963","953.893213723477","1067.16287968703","1170.70869888607","1310.14798503357","1424.79537220007","1466.60431213018","1513.53140298836","1561.6737212224","1664.04598955698","1800.11474991625","1998.71985787588","2105.40954764716","1957.0045248745","2222.5019283554","2438.08552001232","2603.015040151","2662.20844152326","",
"Sub-Saharan Africa (IDA & IBRD countries)","TSS","GNI per capita, Atlas method (current US$)","NY.GNP.PCAP.CD","","","","","","","","","","","","","","","","","","","","","","","","","","636.113734914676","608.33645450814","652.543193708507","728.396417715206","749.202310219109","746.160517827372","773.901700323797","744.547124249332","732.621843196183","701.395060850034","725.460674833387","730.81700751298","741.968713207151","693.88391978746","673.5253604614","658.232685163567","632.178597470251","619.903192720047","676.968150676932","825.437141711507","1019.96092890153","1145.59308292573","1262.68932335032","1378.52614563915","1416.19056451557","1481.01428111586","1568.14931457104","1700.65821008651","1779.80158940554","1833.60779624752","1729.55753080883","1552.78017531747","1457.86889981012","1508.44087158728","1616.74480693695","1586.80149319281","1721.62514917612","1805.67572711322","1767.64543143025","1597.37591752611","",
"Trinidad and Tobago","TTO","GNI per capita, Atlas method (current US$)","NY.GNP.PCAP.CD","","","640","740","800","800","740","750","760","770","790","830","960","1150","1440","2080","2430","2700","3240","3800","4970","5880","6540","6000","5940","5810","5000","4200","3840","3540","3610","3790","4290","3960","3760","3850","4090","4340","4450","4700","5180","5830","6480","7740","9300","11200","13320","15060","17420","16330","16590","15060","17960","20110","20620","20650","17870","16930","16800","17240","15040","16310","17460","19920","19740","",
"Tunisia","TUN","GNI per capita, Atlas method (current US$)","NY.GNP.PCAP.CD","","","","190","200","210","220","220","240","260","270","310","390","450","590","740","790","820","900","1090","1320","1370","1240","1160","1150","1130","1130","1260","1320","1280","1400","1450","1660","1640","1700","1780","1960","2110","2140","2250","2260","2220","2150","2420","2860","3120","3290","3490","3820","4020","4140","4060","4250","4300","4310","4130","3930","3700","3700","3590","3270","3640","3890","3850","3880","",
"Turkiye","TUR","GNI per capita, Atlas method (current US$)","NY.GNP.PCAP.CD","","","","","","","","450","490","540","540","520","540","620","820","1080","1270","1370","1480","1770","1810","1810","1520","1360","1270","1270","1400","1680","1800","1850","2220","2490","2830","3030","2570","3030","3410","4250","4150","3930","4180","3480","3500","3860","5170","6710","7780","8930","9830","9610","10460","11260","11950","12640","12670","12080","11350","11140","10760","9970","9330","10240","10870","11980","13460","",
"Tuvalu","TUV","GNI per capita, Atlas method (current US$)","NY.GNP.PCAP.CD","","","","","","","","","","","","","1000","1160","1370","1440","1350","1180","1140","1180","1240","1290","1050","1080","1120","1020","1210","1320","1660","1720","2130","2300","2410","2220","2520","2450","2350","2860","2940","2710","2330","2780","3430","2620","3380","3750","3920","4670","4780","4870","4480","4720","4440","5610","4750","5650","5450","5330","6230","6880","6880","7510","8100","8770","","",
"Tanzania","TZA","GNI per capita, Atlas method (current US$)","NY.GNP.PCAP.CD","","","300","320","340","350","380","390","410","420","220","230","250","290","340","390","400","420","490","570","650","670","670","660","650","650","600","500","400","320","280","270","260","250","230","240","280","310","350","380","400","400","410","430","460","490","510","530","590","660","720","760","810","880","970","970","960","960","1010","1050","1060","1130","1210","1220","1210","",
"Uganda","UGA","GNI per capita, Atlas method (current US$)","NY.GNP.PCAP.CD","","","","","","","","","","","","","","","","","","","","","","","","","170","190","240","310","390","400","320","240","190","180","180","230","270","300","290","280","270","240","250","250","280","310","350","380","430","550","680","860","830","810","830","850","810","760","770","810","820","860","930","970","1020","",
"Ukraine","UKR","GNI per capita, Atlas method (current US$)","NY.GNP.PCAP.CD","","","","","","","","","","","","","","","","","","","","","","","","","","","","","","1620","1600","1510","1410","1220","1000","920","860","880","840","760","680","710","780","970","1250","1530","1930","2560","3170","2810","2990","3100","3600","3900","3500","2760","2330","2330","2720","3270","3530","4060","3930","4980","5210","",
"Upper middle income","UMC","GNI per capita, Atlas method (current US$)","NY.GNP.PCAP.CD","","","143.089755930089","151.364936423765","168.195115712722","186.787297308754","199.922527588412","199.457011388526","207.640544197957","226.720773534248","245.831572661212","260.80352840451","285.450258061103","346.766399559699","437.91547667656","527.047888977909","563.394507004247","587.016597971333","636.618038287318","739.064168715376","840.338345123137","893.12560182205","879.257465975887","819.722488706501","824.568800051726","840.877345142918","880.897740151326","936.20749594811","983.525284922528","995.741668122502","1059.15882210626","1067.61086085453","1160.8269249728","1226.01903441453","1323.16514642025","1453.73321395729","1638.87684676854","1787.72263267756","1743.27604926417","1708.16175218954","1770.83524956208","1782.43403243222","1803.44982432348","1952.89131967368","2258.45934356417","2626.32659739225","3048.20092663226","3608.41952791474","4264.22449353283","4645.87510174086","5280.66670441609","5961.32597896587","6805.57828170544","7415.27992716036","7714.28026945465","7613.02829031174","7530.44134985876","7734.65108978657","8313.77574547154","8764.69332120081","8548.19344747533","9478.53788089551","10194.5270045509","10770.1618019666","10906.8360433289","",
"Uruguay","URY","GNI per capita, Atlas method (current US$)","NY.GNP.PCAP.CD","","","580","610","670","680","730","640","620","670","820","860","870","1050","1350","1600","1460","1400","1600","2120","2830","3610","3270","2180","1730","1500","1780","2210","2600","2730","2850","3190","3850","4380","5080","5590","6240","7080","7360","7400","7180","6610","5210","4300","4180","4770","5470","6510","7930","9140","10930","12730","14230","16480","17140","17070","16490","16720","17700","18390","16130","16220","17970","19880","21650","",
"United States","USA","GNI per capita, Atlas method (current US$)","NY.GNP.PCAP.CD","","","3260","3390","3580","3850","4160","4340","4710","5030","5240","5630","6280","7290","7980","8510","8960","9590","10760","12200","13390","14360","14220","14570","16210","17460","19110","21390","23490","23770","24060","24270","25680","26390","27660","29040","30270","31280","32040","33680","35960","36710","37320","39770","43520","46190","47850","48530","49110","47910","49180","50620","52610","53830","55600","56400","56900","58920","63020","65880","64920","71730","77330","80000","83490","",
"Uzbekistan","UZB","GNI per capita, Atlas method (current US$)","NY.GNP.PCAP.CD","","","","","","","","","","","","","","","","","","","","","","","","","","","","","","","630","650","600","590","570","580","590","610","610","650","620","550","450","420","460","520","600","760","970","1150","1420","1760","2200","2470","2650","2790","2840","2630","2340","2150","2000","2250","2500","2750","3020","",
"St. Vincent and the Grenadines","VCT","GNI per capita, Atlas method (current US$)","NY.GNP.PCAP.CD","","","170","160","160","170","170","160","180","180","200","210","280","290","330","350","380","440","540","680","800","930","990","1050","1160","1280","1400","1600","1880","1960","2030","2140","2440","2570","2530","2760","2860","2930","3040","3140","3390","3660","4010","4430","4800","5060","5580","6030","6380","6530","6310","6390","6720","6980","6860","7110","7480","7730","8370","8700","8360","8720","9510","10380","11060","",
"Venezuela, RB","VEN","GNI per capita, Atlas method (current US$)","NY.GNP.PCAP.CD","","","940","970","950","890","820","840","900","910","980","1020","1120","1340","1710","2130","2470","2590","2780","3170","3590","4060","4140","3650","3620","3540","3580","3340","3400","2450","2600","2670","2840","2820","2710","3010","3060","3430","3380","3520","4070","4540","3940","3450","4060","4910","6050","7520","9260","10230","11660","11860","12480","10340","8390","5290","3680","2950","2800","2370","1670","1790","2260","3030","3820","",
"British Virgin Islands","VGB","GNI per capita, Atlas method (current US$)","NY.GNP.PCAP.CD","","","","","","","","","","","","","","","","","","","","","","","","","","","","","","","","","","","","","","","","","","","","","","","","","","","","","","","","","","","","","","","","","","",
"Virgin Islands (U.S.)","VIR","GNI per capita, Atlas method (current US$)","NY.GNP.PCAP.CD","","","","","","","","","","","","","","","","","","","","","","","","","","","","","","","","","","","","","","","","","","","","","","","","","","","","","","","","","","","","","","","","","","",
"Viet Nam","VNM","GNI per capita, Atlas method (current US$)","NY.GNP.PCAP.CD","","","","","","","","","","","","","","","","","","","","","","","","","","","","","","220","130","110","140","170","200","260","310","350","360","370","390","410","430","480","550","650","740","860","1000","1120","1370","1630","1980","2200","2390","2460","2560","2680","3020","3290","3400","3540","3980","4150","4490","",
"Vanuatu","VUT","GNI per capita, Atlas method (current US$)","NY.GNP.PCAP.CD","","","","","","","","","","","","","","","","","","","","","","940","840","800","900","930","970","890","980","1100","1220","1110","1140","1160","1210","1250","1340","1400","1450","1430","1420","1360","1210","1350","1580","1770","1980","2080","2430","2500","2580","2790","2840","3030","3030","2980","2970","3000","3270","3740","3390","3500","3830","3890","3890","",
"World","WLD","GNI per capita, Atlas method (current US$)","NY.GNP.PCAP.CD","","","491.89220758297","517.728588250704","554.576435111766","595.551486523408","636.402170461012","662.998066985638","709.840768191781","762.88333579833","806.247525424272","869.752190965672","982.904384827193","1189.11573743905","1396.45508653344","1569.51895127374","1653.63959946791","1750.40383058563","1965.90776408198","2323.2151303828","2660.17356421902","2761.37327563053","2620.74547677265","2480.42016273323","2533.14868874962","2612.5146444951","2872.60928592647","3344.42748060939","3948.29317858143","4101.35559180257","4253.26979952835","4359.38021470258","4664.68198993046","4747.30998463595","4946.73144806587","5252.36477098402","5510.17274518059","5565.31426221628","5322.60250849718","5321.25637363874","5501.46107710856","5475.94055613585","5429.78382463357","5826.01390978251","6639.64007985428","7355.4262558601","7835.0473207468","8343.62947613215","8932.94770091639","8968.22222586705","9404.15208222534","9888.74992969775","10468.9775151875","10838.3648415522","10945.1238777628","10591.4941356414","10335.1044245316","10409.2582638969","11106.9628910125","11538.1013140821","11100.7556875274","12194.1366522851","12984.7385104556","13326.702099959","13442.5002837166","",
"Samoa","WSM","GNI per capita, Atlas method (current US$)","NY.GNP.PCAP.CD","","","","","","","","","","","","","440","550","620","680","690","660","710","870","870","790","770","730","670","650","680","710","920","1040","1050","1000","1010","1060","820","990","1320","1330","1360","1380","1410","1410","1420","1570","1850","2240","2470","2660","2970","3160","3430","3570","3590","3750","3830","3970","4120","4100","4100","4270","4080","3990","4130","4800","5040","",
"Kosovo","XKX","GNI per capita, Atlas method (current US$)","NY.GNP.PCAP.CD","","","","","","","","","","","","","","","","","","","","","","","","","","","","","","","","","","","","","","","","","","","","","","","","","","","3120","3390","3540","3800","3900","3930","3930","3950","4300","4640","4440","5130","5600","6290","6910","",
"Yemen, Rep.","YEM","GNI per capita, Atlas method (current US$)","NY.GNP.PCAP.CD","","","","","","","","","","","","","","","","","","","","","","","","","","","","","","","","","1100","1240","1470","1160","620","420","350","340","380","430","460","480","540","620","710","780","880","960","1040","930","1080","1230","1250","1030","970","880","740","","","","","","","",
"South Africa","ZAF","GNI per capita, Atlas method (current US$)","NY.GNP.PCAP.CD","","","550","580","620","660","700","750","800","850","920","990","1040","1260","1570","1790","1730","1650","1760","2090","2650","3020","2890","2630","2550","2190","2020","2220","2660","2810","2830","2960","3230","3380","3550","3730","3790","3750","3390","3300","3260","3060","2870","3160","4040","5430","6120","6440","6490","6350","6730","7620","8220","7930","7230","6450","5880","5850","6250","6570","5930","6320","6530","6490","6110","",
"Zambia","ZMB","GNI per capita, Atlas method (current US$)","NY.GNP.PCAP.CD","","","180","180","200","250","260","310","350","380","430","410","420","450","560","570","540","490","490","520","620","720","620","520","430","350","260","270","340","420","450","410","380","390","370","390","420","420","370","370","350","360","370","420","470","570","720","900","1170","1260","1310","1380","1640","1710","1740","1530","1320","1260","1390","1380","1120","1040","1170","1270","1220","",
"Zimbabwe","ZWE","GNI per capita, Atlas method (current US$)","NY.GNP.PCAP.CD","","","210","210","180","230","250","280","280","320","380","390","430","510","640","690","660","620","630","720","830","990","910","840","760","660","590","590","690","740","730","700","550","510","490","470","560","520","410","400","350","390","370","340","320","320","280","240","120","450","640","960","1150","1220","1270","1330","1240","1680","2140","2430","1980","2320","2580","2550","2400","",
